gender;race/ethnicity;parental level of education;lunch;test preparation course; math score ; reading score ; writing score ;percentil;;;;;promedio math score;66,12012645;;catregoria;cantidad;;;;;;
non-binary;group B;bachelor's degree;standard;none; 72,00 ; 72 ; 68 ;0;FALSO;FALSO;FALSO;;promedio reading score;69,25735294;;non-binary;143;;group B;181;;bachelor's degree;113
female;group C;some college;standard;completed; 69,00 ; 90 ; 88 ;aplica;FALSO;si;FALSO;;promedio writing score;68,18191377;;female;471;;group C;351;;some college;273
female;group B;master's degree;standard;none; 90,00 ; 95 ; 93 ;aplica;si;si;si;;;;;male;386;;group A;89;;master's degree;57
male;group A;associate's degree;free/reduced;none; 66,12 ; 57 ; 44 ;0;FALSO;FALSO;FALSO;;asimetria math;-0,31 ;;none;648;;group D;246;;associate's degree;209
male;group C;some college;standard;none; 76,00 ; 78 ; 75 ;0;FALSO;FALSO;FALSO;;asimetria reading;-0,29 ;;completed;352;;group E;133;;high school;180
female;group B;associate's degree;standard;none; 71,00 ; 83 ; 78 ;0;FALSO;FALSO;FALSO;;asimetria writing;-0,29 ;;standard;668;;;;;some high school;168
non-binary;group B;some college;standard;completed; 88,00 ; 95 ; 92 ;aplica;FALSO;si;si;;;;;free/reduced;332;;;;;;
male;group B;some college;free/reduced;none; 40,00 ; 43 ; 39 ;0;FALSO;FALSO;FALSO;;;;;;;;;;;;
male;group D;high school;standard;completed; 64,00 ; 64 ; 67 ;0;FALSO;FALSO;FALSO;;;;;;;;;;;;
female;group B;high school;free/reduced;none; 38,00 ; 60 ; 50 ;0;FALSO;FALSO;FALSO;;;;;;;;;;;;
male;group C;associate's degree;standard;none; 58,00 ; 54 ; 52 ;0;FALSO;FALSO;FALSO;;;;;;;;;;;;
non-binary;group D;associate's degree;standard;none; 40,00 ; 52 ; 43 ;0;FALSO;FALSO;FALSO;;;;;;;;;;;;
female;group B;high school;standard;none; 65,00 ; 81 ; 73 ;0;FALSO;FALSO;FALSO;;correlacion math score-reading score;0,780654147;;;;;;;;;
male;group A;some college;standard;completed; 78,00 ; 72 ; 70 ;0;FALSO;FALSO;FALSO;;correlacion reading.writinig;0,909285815;;;;;;;;;
female;group A;master's degree;standard;none; 50,00 ; 53 ; 58 ;0;FALSO;FALSO;FALSO;;correlacion math-writing;0,752298133;;;;;;;;;
female;group C;some high school;standard;none; 69,00 ; 75 ; 78 ;0;FALSO;FALSO;FALSO;;;;;;;;;;;;
male;group C;high school;standard;none; 88,00 ; 89 ; 86 ;aplica;FALSO;FALSO;FALSO;;;math score;reading score;writing score;;;;;;;
female;group B;some high school;free/reduced;none; 18,00 ; 32 ; 28 ;0;FALSO;FALSO;FALSO;;math score;1;;;;;;;;;
male;group C;master's degree;free/reduced;completed; 46,00 ; 42 ; 46 ;0;FALSO;FALSO;FALSO;;reading score;0,780654147;1;;;;;;;;
female;group C;associate's degree;standard;none; 54,00 ; 58 ; 61 ;0;FALSO;FALSO;FALSO;;writing score;0,752298133;0,909285815;1;;;;;;;
non-binary;group D;high school;standard;none; 66,00 ; 69 ; 63 ;0;FALSO;FALSO;FALSO;;;;;;;;;;;;
non-binary;group B;some college;free/reduced;completed; 65,00 ; 75 ; 70 ;0;FALSO;FALSO;FALSO;;percentil 85 math;percentil 85 reading;percentil 85 writing;;;;;;;;
male;group D;some college;standard;none; 44,00 ; 54 ; 53 ;0;FALSO;FALSO;FALSO;;81;84;83;;;;;;;;
female;group C;some high school;standard;none; 69,00 ; 73 ; 73 ;0;FALSO;FALSO;FALSO;;;;;;;;;;;;
male;group D;bachelor's degree;free/reduced;completed; 74,00 ; 71 ; 80 ;0;FALSO;FALSO;FALSO;;;;;;;;;;;;
male;group A;master's degree;free/reduced;none; 73,00 ; 74 ; 72 ;0;FALSO;FALSO;FALSO;;90;;;;;;;;;;
male;group B;some college;standard;none; 69,00 ; 54 ; 55 ;0;FALSO;FALSO;FALSO;;;;;;;;;;;;
female;group C;bachelor's degree;standard;none; 67,00 ; 69 ; 75 ;0;FALSO;FALSO;FALSO;;;;;;;;;;;;
male;group C;high school;standard;none; 66,12 ; 70 ; 65 ;0;FALSO;FALSO;FALSO;;;;;;;;;;;;
female;group D;master's degree;standard;none; 66,12 ; 70 ; 75 ;0;FALSO;FALSO;FALSO;;;;;;;;;;;;
female;group D;some college;standard;none; 69,00 ; 74 ; 74 ;0;FALSO;FALSO;FALSO;;;;;;;;;;;;
female;group B;some college;standard;none; 63,00 ; 65 ; 61 ;0;FALSO;FALSO;FALSO;;;;;;;;;;;;
female;group E;master's degree;free/reduced;none; 56,00 ; 72 ; 65 ;0;FALSO;FALSO;FALSO;;;;;;;;;;;;
male;group D;some college;standard;none; 40,00 ; 42 ; 38 ;0;FALSO;FALSO;FALSO;;;;;;;;;;;;
male;group E;some college;standard;none; 97,00 ; 87 ; 82 ;0;si;FALSO;FALSO;;;;;;;;;;;;
male;group E;associate's degree;standard;completed; 81,00 ; 81 ; 79 ;0;FALSO;FALSO;FALSO;;;;;;;;;;;;
female;group D;associate's degree;standard;none; 74,00 ; 81 ; 83 ;0;FALSO;FALSO;FALSO;;;;;;;;;;;;
female;group D;some high school;free/reduced;none; 50,00 ; 64 ; 59 ;0;FALSO;FALSO;FALSO;;;;;;;;;;;;
female;group D;associate's degree;free/reduced;completed; 75,00 ; 90 ; 68 ;0;FALSO;si;FALSO;;;;;;;;;;;;
male;group B;associate's degree;free/reduced;none; 66,12 ; 56 ; 57 ;0;FALSO;FALSO;FALSO;;;;;;;;;;;;
male;group C;associate's degree;free/reduced;none; 55,00 ; 61 ; 54 ;0;FALSO;FALSO;FALSO;;;;;;;;;;;;
female;group C;some college;standard;none; 58,00 ; 73 ; 68 ;0;FALSO;FALSO;FALSO;;;;;;;;;;;;
female;group B;associate's degree;standard;none; 53,00 ; 58 ; 65 ;0;FALSO;FALSO;FALSO;;;;;;;;;;;;
non-binary;group B;some college;free/reduced;completed; 59,00 ; 65 ; 66 ;0;FALSO;FALSO;FALSO;;;;;;;;;;;;
female;group E;associate's degree;standard;none; 50,00 ; 56 ; 54 ;0;FALSO;FALSO;FALSO;;;;;;;;;;;;
female;group B;associate's degree;standard;none; 65,00 ; 54 ; 57 ;0;FALSO;FALSO;FALSO;;;;;;;;;;;;
female;group A;associate's degree;standard;completed; 55,00 ; 65 ; 62 ;0;FALSO;FALSO;FALSO;;;;;;;;;;;;
female;group C;high school;standard;none; 66,00 ; 71 ; 76 ;0;FALSO;FALSO;FALSO;;;;;;;;;;;;
female;group D;associate's degree;free/reduced;completed; 57,00 ; 74 ; 76 ;0;FALSO;FALSO;FALSO;;;;;;;;;;;;
male;group C;high school;standard;completed; 82,00 ; 84 ; 82 ;0;FALSO;FALSO;FALSO;;;;;;;;;;;;
male;group E;some college;standard;none; 53,00 ; 55 ; 48 ;0;FALSO;FALSO;FALSO;;;;;;;;;;;;
male;group E;associate's degree;free/reduced;completed; 77,00 ; 69 ; 68 ;0;FALSO;FALSO;FALSO;;;;;;;;;;;;
male;group C;some college;standard;none; 53,00 ; 44 ; 42 ;0;FALSO;FALSO;FALSO;;;;;;;;;;;;
male;group C;high school;standard;none; 88,00 ; 69 ; 75 ;0;FALSO;FALSO;FALSO;;;;;;;;;;;;
female;group C;some high school;free/reduced;completed; 71,00 ; 84 ; 87 ;aplica;FALSO;FALSO;FALSO;;;;;;;;;;;;
female;group C;high school;free/reduced;none; 33,00 ; 41 ; 43 ;0;FALSO;FALSO;FALSO;;;;;;;;;;;;
female;group E;associate's degree;standard;completed; 82,00 ; 85 ; 86 ;aplica;FALSO;FALSO;FALSO;;;;;;;;;;;;
male;group D;associate's degree;standard;none; 66,12 ; 55 ; 49 ;0;FALSO;FALSO;FALSO;;;;;;;;;;;;
male;group D;some college;standard;completed; 58,00 ; 59 ; 58 ;0;FALSO;FALSO;FALSO;;;;;;;;;;;;
female;group C;some high school;free/reduced;none; -   ; 17 ; 10 ;0;FALSO;FALSO;FALSO;;;;;;;;;;;;
male;group E;bachelor's degree;free/reduced;none; 79,00 ; 74 ; 72 ;0;FALSO;FALSO;FALSO;;;;;;;;;;;;
male;group A;some college;free/reduced;none; 39,00 ; 69 ; 34 ;0;FALSO;FALSO;FALSO;;;;;;;;;;;;
male;group A;associate's degree;free/reduced;none; 62,00 ; 61 ; 55 ;0;FALSO;FALSO;FALSO;;;;;;;;;;;;
female;group C;associate's degree;standard;none; 69,00 ; 80 ; 71 ;0;FALSO;FALSO;FALSO;;;;;;;;;;;;
female;group D;some high school;standard;none; 59,00 ; 58 ; 59 ;0;FALSO;FALSO;FALSO;;;;;;;;;;;;
male;group C;some high school;standard;none; 67,00 ; 64 ; 61 ;0;FALSO;FALSO;FALSO;;;;;;;;;;;;
male;group D;some high school;free/reduced;none; 45,00 ; 37 ; 37 ;0;FALSO;FALSO;FALSO;;;;;;;;;;;;
non-binary;group C;some college;standard;none; 60,00 ; 72 ; 74 ;0;FALSO;FALSO;FALSO;;;;;;;;;;;;
male;group B;associate's degree;free/reduced;none; 66,12 ; 58 ; 56 ;0;FALSO;FALSO;FALSO;;;;;;;;;;;;
female;group C;associate's degree;standard;none; 39,00 ; 64 ; 57 ;0;FALSO;FALSO;FALSO;;;;;;;;;;;;
female;group D;some college;free/reduced;completed; 58,00 ; 69 ; 73 ;0;FALSO;FALSO;FALSO;;;;;;;;;;;;
male;group D;some college;standard;completed; 63,00 ; 55 ; 63 ;0;FALSO;FALSO;FALSO;;;;;;;;;;;;
non-binary;group A;associate's degree;free/reduced;none; 41,00 ; 51 ; 48 ;0;FALSO;FALSO;FALSO;;;;;;;;;;;;
male;group C;some high school;free/reduced;none; 61,00 ; 57 ; 56 ;0;FALSO;FALSO;FALSO;;;;;;;;;;;;
male;group C;some high school;standard;none; 49,00 ; 49 ; 41 ;0;FALSO;FALSO;FALSO;;;;;;;;;;;;
male;group B;associate's degree;free/reduced;none; 44,00 ; 41 ; 38 ;0;FALSO;FALSO;FALSO;;;;;;;;;;;;
male;group E;some high school;standard;none; 30,00 ; 26 ; 22 ;0;FALSO;FALSO;FALSO;;;;;;;;;;;;
male;group A;bachelor's degree;standard;completed; 66,12 ; 78 ; 81 ;0;FALSO;FALSO;FALSO;;;;;;;;;;;;
female;group D;some high school;standard;completed; 61,00 ; 74 ; 72 ;0;FALSO;FALSO;FALSO;;;;;;;;;;;;
non-binary;group C;master's degree;standard;none; 62,00 ; 68 ; 68 ;0;FALSO;FALSO;FALSO;;;;;;;;;;;;
non-binary;group B;associate's degree;standard;none; 47,00 ; 49 ; 50 ;0;FALSO;FALSO;FALSO;;;;;;;;;;;;
male;group B;high school;free/reduced;none; 49,00 ; 45 ; 45 ;0;FALSO;FALSO;FALSO;;;;;;;;;;;;
male;group A;some college;free/reduced;completed; 50,00 ; 69 ; 54 ;0;FALSO;FALSO;FALSO;;;;;;;;;;;;
male;group E;some college;standard;none; 72,00 ; 64 ; 63 ;0;FALSO;FALSO;FALSO;;;;;;;;;;;;
male;group D;high school;free/reduced;none; 42,00 ; 39 ; 34 ;0;FALSO;FALSO;FALSO;;;;;;;;;;;;
female;group C;some college;standard;none; 73,00 ; 80 ; 82 ;0;FALSO;FALSO;FALSO;;;;;;;;;;;;
non-binary;group C;some college;free/reduced;none; 76,00 ; 83 ; 88 ;aplica;FALSO;FALSO;FALSO;;;;;;;;;;;;
female;group D;associate's degree;standard;none; 71,00 ; 71 ; 74 ;0;FALSO;FALSO;FALSO;;;;;;;;;;;;
female;group A;some college;standard;none; 58,00 ; 70 ; 67 ;0;FALSO;FALSO;FALSO;;;;;;;;;;;;
female;group D;some high school;standard;none; 73,00 ; 86 ; 82 ;0;FALSO;FALSO;FALSO;;;;;;;;;;;;
female;group C;bachelor's degree;standard;none; 65,00 ; 72 ; 74 ;0;FALSO;FALSO;FALSO;;;;;;;;;;;;
male;group C;high school;free/reduced;none; 27,00 ; 34 ; 36 ;0;FALSO;FALSO;FALSO;;;;;;;;;;;;
male;group C;high school;standard;none; 71,00 ; 79 ; 71 ;0;FALSO;FALSO;FALSO;;;;;;;;;;;;
male;group C;associate's degree;free/reduced;completed; 43,00 ; 45 ; 50 ;0;FALSO;FALSO;FALSO;;;;;;;;;;;;
female;group B;some college;standard;none; 79,00 ; 86 ; 92 ;aplica;FALSO;FALSO;si;;;;;;;;;;;;
male;group C;associate's degree;free/reduced;completed; 78,00 ; 81 ; 82 ;0;FALSO;FALSO;FALSO;;;;;;;;;;;;
male;group B;some high school;standard;completed; 65,00 ; 66 ; 68 ;0;FALSO;FALSO;FALSO;;;;;;;;;;;;
female;group E;some college;standard;completed; 63,00 ; 72 ; 70 ;0;FALSO;FALSO;FALSO;;;;;;;;;;;;
female;group D;some college;free/reduced;none; 58,00 ; 67 ; 62 ;0;FALSO;FALSO;FALSO;;;;;;;;;;;;
female;group D;bachelor's degree;standard;none; 66,12 ; 67 ; 62 ;0;FALSO;FALSO;FALSO;;;;;;;;;;;;
non-binary;group B;some college;standard;none; 79,00 ; 67 ; 67 ;0;FALSO;FALSO;FALSO;;;;;;;;;;;;
male;group D;bachelor's degree;standard;completed; 68,00 ; 74 ; 74 ;0;FALSO;FALSO;FALSO;;;;;;;;;;;;
female;group D;associate's degree;standard;none; 85,00 ; 91 ; 89 ;aplica;FALSO;si;FALSO;;;;;;;;;;;;
male;group B;high school;standard;completed; 60,00 ; 44 ; 47 ;0;FALSO;FALSO;FALSO;;;;;;;;;;;;
male;group C;some college;standard;completed; 98,00 ; 86 ; 90 ;aplica;si;FALSO;si;;;;;;;;;;;;
female;group C;some college;standard;none; 58,00 ; 67 ; 68 ;0;FALSO;FALSO;FALSO;;;;;;;;;;;;
female;group D;master's degree;standard;none; 87,00 ; 100 ; 100 ;aplica;FALSO;si;si;;;;;;;;;;;;
non-binary;group E;associate's degree;standard;completed; 66,12 ; 63 ; 64 ;0;FALSO;FALSO;FALSO;;;;;;;;;;;;
female;group C;associate's degree;free/reduced;none; 52,00 ; 76 ; 70 ;0;FALSO;FALSO;FALSO;;;;;;;;;;;;
female;group B;some high school;standard;none; 70,00 ; 64 ; 72 ;0;FALSO;FALSO;FALSO;;;;;;;;;;;;
non-binary;group D;associate's degree;standard;completed; 77,00 ; 89 ; 98 ;aplica;FALSO;FALSO;si;;;;;;;;;;;;
male;group C;high school;standard;none; 62,00 ; 55 ; 49 ;0;FALSO;FALSO;FALSO;;;;;;;;;;;;
male;group A;some college;standard;none; 54,00 ; 53 ; 47 ;0;FALSO;FALSO;FALSO;;;;;;;;;;;;
non-binary;group C;some college;standard;none; 51,00 ; 58 ; 54 ;0;FALSO;FALSO;FALSO;;;;;;;;;;;;
non-binary;group E;bachelor's degree;standard;completed; 99,00 ; 100 ; 100 ;aplica;si;si;si;;;;;;;;;;;;
male;group C;high school;standard;none; 84,00 ; 77 ; 74 ;0;FALSO;FALSO;FALSO;;;;;;;;;;;;
female;group B;bachelor's degree;free/reduced;none; 75,00 ; 85 ; 82 ;0;FALSO;FALSO;FALSO;;;;;;;;;;;;
female;group D;some college;standard;none; 78,00 ; 82 ; 79 ;0;FALSO;FALSO;FALSO;;;;;;;;;;;;
female;group C;some high school;standard;none; 51,00 ; 63 ; 61 ;0;FALSO;FALSO;FALSO;;;;;;;;;;;;
female;group C;some college;standard;none; 55,00 ; 69 ; 65 ;0;FALSO;FALSO;FALSO;;;;;;;;;;;;
female;group C;bachelor's degree;standard;completed; 79,00 ; 92 ; 89 ;aplica;FALSO;si;FALSO;;;;;;;;;;;;
male;group B;associate's degree;standard;completed; 91,00 ; 89 ; 92 ;aplica;si;FALSO;si;;;;;;;;;;;;
female;group C;some college;standard;completed; 88,00 ; 93 ; 68 ;0;FALSO;si;FALSO;;;;;;;;;;;;
male;group D;high school;free/reduced;none; 63,00 ; 57 ; 56 ;0;FALSO;FALSO;FALSO;;;;;;;;;;;;
male;group E;some college;standard;none; 83,00 ; 80 ; 73 ;0;FALSO;FALSO;FALSO;;;;;;;;;;;;
female;group B;high school;standard;none; 87,00 ; 95 ; 86 ;aplica;FALSO;si;FALSO;;;;;;;;;;;;
male;group B;some high school;standard;none; 72,00 ; 68 ; 67 ;0;FALSO;FALSO;FALSO;;;;;;;;;;;;
male;group D;some college;standard;completed; 65,00 ; 77 ; 74 ;0;FALSO;FALSO;FALSO;;;;;;;;;;;;
non-binary;group D;master's degree;standard;none; 82,00 ; 82 ; 74 ;0;FALSO;FALSO;FALSO;;;;;;;;;;;;
female;group A;bachelor's degree;standard;none; 51,00 ; 49 ; 51 ;0;FALSO;FALSO;FALSO;;;;;;;;;;;;
male;group D;master's degree;standard;none; 89,00 ; 84 ; 82 ;0;FALSO;FALSO;FALSO;;;;;;;;;;;;
male;group C;some high school;free/reduced;completed; 53,00 ; 69 ; 40 ;0;FALSO;FALSO;FALSO;;;;;;;;;;;;
non-binary;group E;some college;free/reduced;completed; 87,00 ; 74 ; 70 ;0;FALSO;FALSO;FALSO;;;;;;;;;;;;
female;group C;some college;standard;completed; 75,00 ; 81 ; 84 ;aplica;FALSO;FALSO;FALSO;;;;;;;;;;;;
male;group D;bachelor's degree;free/reduced;completed; 74,00 ; 79 ; 75 ;0;FALSO;FALSO;FALSO;;;;;;;;;;;;
male;group C;bachelor's degree;standard;none; 58,00 ; 55 ; 48 ;0;FALSO;FALSO;FALSO;;;;;;;;;;;;
non-binary;group B;some high school;standard;completed; 66,12 ; 54 ; 41 ;0;FALSO;FALSO;FALSO;;;;;;;;;;;;
non-binary;group E;high school;standard;none; 70,00 ; 55 ; 56 ;0;FALSO;FALSO;FALSO;;;;;;;;;;;;
female;group C;some college;standard;none; 59,00 ; 66 ; 67 ;0;FALSO;FALSO;FALSO;;;;;;;;;;;;
non-binary;group D;some college;standard;completed; 71,00 ; 69 ; 69 ;0;FALSO;FALSO;FALSO;;;;;;;;;;;;
non-binary;group D;some high school;standard;none; 76,00 ; 72 ; 71 ;0;FALSO;FALSO;FALSO;;;;;;;;;;;;
female;group C;some college;free/reduced;none; 59,00 ; 62 ; 64 ;0;FALSO;FALSO;FALSO;;;;;;;;;;;;
non-binary;group E;some college;free/reduced;completed; 42,00 ; 55 ; 54 ;0;FALSO;FALSO;FALSO;;;;;;;;;;;;
non-binary;group A;high school;standard;none; 57,00 ; 43 ; 47 ;0;FALSO;FALSO;FALSO;;;;;;;;;;;;
male;group D;some college;standard;none; 88,00 ; 73 ; 78 ;0;FALSO;FALSO;FALSO;;;;;;;;;;;;
female;group C;some college;free/reduced;none; 22,00 ; 39 ; 33 ;0;FALSO;FALSO;FALSO;;;;;;;;;;;;
non-binary;group B;some high school;standard;none; 88,00 ; 84 ; 75 ;0;FALSO;FALSO;FALSO;;;;;;;;;;;;
male;group C;associate's degree;free/reduced;none; 73,00 ; 68 ; 66 ;0;FALSO;FALSO;FALSO;;;;;;;;;;;;
female;group D;bachelor's degree;standard;completed; 68,00 ; 75 ; 81 ;0;FALSO;FALSO;FALSO;;;;;;;;;;;;
male;group E;associate's degree;free/reduced;completed; 100,00 ; 100 ; 68 ;0;si;si;FALSO;;;;;;;;;;;;
male;group A;some high school;standard;completed; 62,00 ; 69 ; 69 ;0;FALSO;FALSO;FALSO;;;;;;;;;;;;
non-binary;group A;bachelor's degree;standard;none; 77,00 ; 67 ; 68 ;0;FALSO;FALSO;FALSO;;;;;;;;;;;;
female;group B;associate's degree;standard;completed; 59,00 ; 70 ; 66 ;0;FALSO;FALSO;FALSO;;;;;;;;;;;;
male;group D;bachelor's degree;standard;none; 66,12 ; 49 ; 47 ;0;FALSO;FALSO;FALSO;;;;;;;;;;;;
male;group D;some high school;standard;none; 62,00 ; 67 ; 61 ;0;FALSO;FALSO;FALSO;;;;;;;;;;;;
female;group C;some college;standard;completed; 70,00 ; 89 ; 88 ;aplica;FALSO;FALSO;FALSO;;;;;;;;;;;;
female;group E;high school;free/reduced;completed; 66,00 ; 74 ; 78 ;0;FALSO;FALSO;FALSO;;;;;;;;;;;;
male;group B;some college;free/reduced;none; 60,00 ; 60 ; 60 ;0;FALSO;FALSO;FALSO;;;;;;;;;;;;
female;group B;associate's degree;standard;completed; 61,00 ; 86 ; 87 ;aplica;FALSO;FALSO;FALSO;;;;;;;;;;;;
male;group D;associate's degree;free/reduced;none; 66,00 ; 62 ; 64 ;0;FALSO;FALSO;FALSO;;;;;;;;;;;;
male;group B;associate's degree;free/reduced;completed; 82,00 ; 78 ; 74 ;0;FALSO;FALSO;FALSO;;;;;;;;;;;;
female;group E;some college;free/reduced;completed; 75,00 ; 88 ; 85 ;aplica;FALSO;FALSO;FALSO;;;;;;;;;;;;
male;group B;master's degree;free/reduced;none; 66,12 ; 53 ; 52 ;0;FALSO;FALSO;FALSO;;;;;;;;;;;;
male;group C;high school;standard;none; 52,00 ; 53 ; 49 ;0;FALSO;FALSO;FALSO;;;;;;;;;;;;
female;group E;master's degree;standard;none; 81,00 ; 92 ; 91 ;aplica;FALSO;si;si;;;;;;;;;;;;
female;group C;bachelor's degree;standard;completed; 96,00 ; 100 ; 100 ;aplica;si;si;si;;;;;;;;;;;;
male;group C;high school;free/reduced;completed; 53,00 ; 51 ; 51 ;0;FALSO;FALSO;FALSO;;;;;;;;;;;;
female;group B;master's degree;free/reduced;completed; 58,00 ; 76 ; 78 ;0;FALSO;FALSO;FALSO;;;;;;;;;;;;
female;group B;high school;standard;completed; 66,12 ; 83 ; 78 ;0;FALSO;FALSO;FALSO;;;;;;;;;;;;
female;group C;some college;free/reduced;completed; 66,12 ; 75 ; 70 ;0;FALSO;FALSO;FALSO;;;;;;;;;;;;
male;group A;high school;standard;completed; 72,00 ; 69 ; 74 ;0;FALSO;FALSO;FALSO;;;;;;;;;;;;
male;group E;some high school;standard;none; 94,00 ; 88 ; 78 ;0;si;FALSO;FALSO;;;;;;;;;;;;
female;group D;some college;standard;none; 79,00 ; 86 ; 81 ;0;FALSO;FALSO;FALSO;;;;;;;;;;;;
female;group C;associate's degree;standard;none; 63,00 ; 67 ; 70 ;0;FALSO;FALSO;FALSO;;;;;;;;;;;;
non-binary;group C;bachelor's degree;free/reduced;completed; 43,00 ; 51 ; 54 ;0;FALSO;FALSO;FALSO;;;;;;;;;;;;
female;group C;master's degree;standard;completed; 81,00 ; 91 ; 87 ;aplica;FALSO;si;FALSO;;;;;;;;;;;;
female;group B;high school;free/reduced;completed; 46,00 ; 54 ; 58 ;0;FALSO;FALSO;FALSO;;;;;;;;;;;;
female;group C;associate's degree;standard;completed; 71,00 ; 77 ; 77 ;0;FALSO;FALSO;FALSO;;;;;;;;;;;;
non-binary;group B;master's degree;free/reduced;completed; 52,00 ; 70 ; 62 ;0;FALSO;FALSO;FALSO;;;;;;;;;;;;
female;group D;some high school;standard;completed; 97,00 ; 69 ; 68 ;0;si;FALSO;FALSO;;;;;;;;;;;;
male;group C;master's degree;free/reduced;completed; 62,00 ; 68 ; 75 ;0;FALSO;FALSO;FALSO;;;;;;;;;;;;
non-binary;group C;some college;free/reduced;none; 46,00 ; 64 ; 68 ;0;FALSO;FALSO;FALSO;;;;;;;;;;;;
female;group E;high school;standard;none; 50,00 ; 50 ; 47 ;0;FALSO;FALSO;FALSO;;;;;;;;;;;;
female;group C;associate's degree;standard;none; 65,00 ; 69 ; 70 ;0;FALSO;FALSO;FALSO;;;;;;;;;;;;
male;group C;some high school;free/reduced;completed; 45,00 ; 52 ; 49 ;0;FALSO;FALSO;FALSO;;;;;;;;;;;;
male;group C;associate's degree;free/reduced;completed; 65,00 ; 67 ; 65 ;0;FALSO;FALSO;FALSO;;;;;;;;;;;;
male;group E;high school;standard;none; 80,00 ; 76 ; 65 ;0;FALSO;FALSO;FALSO;;;;;;;;;;;;
male;group D;some high school;standard;completed; 62,00 ; 66 ; 68 ;0;FALSO;FALSO;FALSO;;;;;;;;;;;;
non-binary;group B;some high school;free/reduced;none; 48,00 ; 52 ; 45 ;0;FALSO;FALSO;FALSO;;;;;;;;;;;;
female;group C;bachelor's degree;standard;none; 77,00 ; 88 ; 87 ;aplica;FALSO;FALSO;FALSO;;;;;;;;;;;;
non-binary;group E;associate's degree;standard;none; 66,00 ; 65 ; 69 ;0;FALSO;FALSO;FALSO;;;;;;;;;;;;
male;group D;some college;standard;completed; 76,00 ; 83 ; 79 ;0;FALSO;FALSO;FALSO;;;;;;;;;;;;
female;group B;some high school;standard;none; 62,00 ; 64 ; 66 ;0;FALSO;FALSO;FALSO;;;;;;;;;;;;
male;group D;some college;standard;completed; 77,00 ; 62 ; 62 ;0;FALSO;FALSO;FALSO;;;;;;;;;;;;
female;group C;master's degree;standard;completed; 69,00 ; 84 ; 85 ;aplica;FALSO;FALSO;FALSO;;;;;;;;;;;;
male;group D;associate's degree;standard;none; 61,00 ; 55 ; 52 ;0;FALSO;FALSO;FALSO;;;;;;;;;;;;
male;group C;some college;free/reduced;completed; 59,00 ; 69 ; 65 ;0;FALSO;FALSO;FALSO;;;;;;;;;;;;
male;group E;high school;free/reduced;none; 55,00 ; 56 ; 51 ;0;FALSO;FALSO;FALSO;;;;;;;;;;;;
female;group B;some college;free/reduced;none; 45,00 ; 53 ; 55 ;0;FALSO;FALSO;FALSO;;;;;;;;;;;;
female;group B;bachelor's degree;free/reduced;none; 78,00 ; 79 ; 76 ;0;FALSO;FALSO;FALSO;;;;;;;;;;;;
female;group C;associate's degree;standard;completed; 67,00 ; 84 ; 86 ;aplica;FALSO;FALSO;FALSO;;;;;;;;;;;;
female;group D;some college;free/reduced;none; 65,00 ; 81 ; 77 ;0;FALSO;FALSO;FALSO;;;;;;;;;;;;
non-binary;group C;associate's degree;standard;none; 69,00 ; 77 ; 69 ;0;FALSO;FALSO;FALSO;;;;;;;;;;;;
female;group B;associate's degree;standard;none; 57,00 ; 69 ; 68 ;0;FALSO;FALSO;FALSO;;;;;;;;;;;;
male;group C;some college;standard;none; 59,00 ; 41 ; 42 ;0;FALSO;FALSO;FALSO;;;;;;;;;;;;
non-binary;group D;some high school;standard;completed; 74,00 ; 71 ; 78 ;0;FALSO;FALSO;FALSO;;;;;;;;;;;;
male;group E;bachelor's degree;standard;none; 82,00 ; 62 ; 62 ;0;FALSO;FALSO;FALSO;;;;;;;;;;;;
female;group E;high school;standard;completed; 81,00 ; 80 ; 76 ;0;FALSO;FALSO;FALSO;;;;;;;;;;;;
female;group B;some college;free/reduced;none; 74,00 ; 81 ; 76 ;0;FALSO;FALSO;FALSO;;;;;;;;;;;;
female;group B;some college;free/reduced;none; 58,00 ; 61 ; 66 ;0;FALSO;FALSO;FALSO;;;;;;;;;;;;
male;group D;some high school;free/reduced;completed; 80,00 ; 79 ; 79 ;0;FALSO;FALSO;FALSO;;;;;;;;;;;;
male;group C;some college;free/reduced;none; 35,00 ; 28 ; 27 ;0;FALSO;FALSO;FALSO;;;;;;;;;;;;
female;group C;high school;free/reduced;none; 42,00 ; 62 ; 60 ;0;FALSO;FALSO;FALSO;;;;;;;;;;;;
non-binary;group C;associate's degree;free/reduced;completed; 60,00 ; 69 ; 56 ;0;FALSO;FALSO;FALSO;;;;;;;;;;;;
non-binary;group E;high school;standard;completed; 87,00 ; 91 ; 81 ;0;FALSO;si;FALSO;;;;;;;;;;;;
male;group B;some high school;standard;completed; 84,00 ; 83 ; 75 ;0;FALSO;FALSO;FALSO;;;;;;;;;;;;
female;group E;associate's degree;free/reduced;completed; 83,00 ; 86 ; 88 ;aplica;FALSO;FALSO;FALSO;;;;;;;;;;;;
female;group C;high school;free/reduced;none; 34,00 ; 42 ; 39 ;0;FALSO;FALSO;FALSO;;;;;;;;;;;;
male;group B;high school;free/reduced;none; 66,00 ; 77 ; 70 ;0;FALSO;FALSO;FALSO;;;;;;;;;;;;
male;group C;some high school;standard;completed; 61,00 ; 56 ; 56 ;0;FALSO;FALSO;FALSO;;;;;;;;;;;;
female;group C;high school;standard;completed; 56,00 ; 68 ; 74 ;0;FALSO;FALSO;FALSO;;;;;;;;;;;;
non-binary;group B;associate's degree;standard;none; 87,00 ; 85 ; 73 ;0;FALSO;FALSO;FALSO;;;;;;;;;;;;
female;group C;some high school;free/reduced;none; 55,00 ; 65 ; 68 ;0;FALSO;FALSO;FALSO;;;;;;;;;;;;
male;group D;some high school;standard;none; 86,00 ; 80 ; 75 ;0;FALSO;FALSO;FALSO;;;;;;;;;;;;
female;group B;associate's degree;standard;completed; 66,12 ; 69 ; 73 ;0;FALSO;FALSO;FALSO;;;;;;;;;;;;
female;group E;master's degree;free/reduced;none; 45,00 ; 56 ; 54 ;0;FALSO;FALSO;FALSO;;;;;;;;;;;;
female;group C;some college;standard;none; 72,00 ; 72 ; 71 ;0;FALSO;FALSO;FALSO;;;;;;;;;;;;
male;group D;high school;standard;none; 57,00 ; 50 ; 54 ;0;FALSO;FALSO;FALSO;;;;;;;;;;;;
female;group A;some high school;free/reduced;none; 68,00 ; 72 ; 64 ;0;FALSO;FALSO;FALSO;;;;;;;;;;;;
female;group C;some college;standard;completed; 88,00 ; 95 ; 94 ;aplica;FALSO;si;si;;;;;;;;;;;;
male;group D;some college;standard;none; 66,12 ; 64 ; 66 ;0;FALSO;FALSO;FALSO;;;;;;;;;;;;
male;group C;some college;standard;none; 46,00 ; 43 ; 42 ;0;FALSO;FALSO;FALSO;;;;;;;;;;;;
non-binary;group B;bachelor's degree;standard;none; 67,00 ; 69 ; 83 ;0;FALSO;FALSO;FALSO;;;;;;;;;;;;
female;group E;some high school;standard;none; 92,00 ; 87 ; 78 ;0;si;FALSO;FALSO;;;;;;;;;;;;
non-binary;group C;bachelor's degree;standard;completed; 66,12 ; 82 ; 84 ;aplica;FALSO;FALSO;FALSO;;;;;;;;;;;;
male;group D;associate's degree;standard;none; 80,00 ; 75 ; 77 ;0;FALSO;FALSO;FALSO;;;;;;;;;;;;
male;group D;bachelor's degree;free/reduced;none; 63,00 ; 66 ; 67 ;0;FALSO;FALSO;FALSO;;;;;;;;;;;;
female;group D;some high school;standard;completed; 64,00 ; 60 ; 74 ;0;FALSO;FALSO;FALSO;;;;;;;;;;;;
male;group B;some college;standard;none; 54,00 ; 52 ; 51 ;0;FALSO;FALSO;FALSO;;;;;;;;;;;;
male;group C;associate's degree;standard;none; 84,00 ; 80 ; 80 ;0;FALSO;FALSO;FALSO;;;;;;;;;;;;
male;group D;high school;free/reduced;completed; 73,00 ; 68 ; 66 ;0;FALSO;FALSO;FALSO;;;;;;;;;;;;
female;group E;bachelor's degree;standard;none; 80,00 ; 83 ; 83 ;0;FALSO;FALSO;FALSO;;;;;;;;;;;;
female;group D;high school;standard;none; 56,00 ; 52 ; 55 ;0;FALSO;FALSO;FALSO;;;;;;;;;;;;
male;group E;some college;standard;none; 59,00 ; 51 ; 43 ;0;FALSO;FALSO;FALSO;;;;;;;;;;;;
non-binary;group D;some high school;standard;none; 75,00 ; 74 ; 69 ;0;FALSO;FALSO;FALSO;;;;;;;;;;;;
male;group C;associate's degree;standard;none; 85,00 ; 76 ; 71 ;0;FALSO;FALSO;FALSO;;;;;;;;;;;;
male;group E;associate's degree;standard;none; 89,00 ; 76 ; 74 ;0;FALSO;FALSO;FALSO;;;;;;;;;;;;
non-binary;group B;high school;standard;completed; 58,00 ; 70 ; 68 ;0;FALSO;FALSO;FALSO;;;;;;;;;;;;
female;group B;high school;standard;none; 65,00 ; 64 ; 62 ;0;FALSO;FALSO;FALSO;;;;;;;;;;;;
non-binary;group C;high school;standard;none; 68,00 ; 60 ; 53 ;0;FALSO;FALSO;FALSO;;;;;;;;;;;;
male;group A;some high school;standard;completed; 66,12 ; 49 ; 49 ;0;FALSO;FALSO;FALSO;;;;;;;;;;;;
female;group D;some college;free/reduced;none; 71,00 ; 83 ; 83 ;0;FALSO;FALSO;FALSO;;;;;;;;;;;;
female;group B;some high school;standard;completed; 60,00 ; 70 ; 70 ;0;FALSO;FALSO;FALSO;;;;;;;;;;;;
male;group D;some college;standard;none; 80,00 ; 80 ; 72 ;0;FALSO;FALSO;FALSO;;;;;;;;;;;;
male;group D;high school;standard;none; 54,00 ; 52 ; 52 ;0;FALSO;FALSO;FALSO;;;;;;;;;;;;
female;group E;some college;standard;none; 62,00 ; 73 ; 70 ;0;FALSO;FALSO;FALSO;;;;;;;;;;;;
female;group C;associate's degree;free/reduced;none; 64,00 ; 73 ; 68 ;0;FALSO;FALSO;FALSO;;;;;;;;;;;;
non-binary;group C;associate's degree;standard;completed; 78,00 ; 77 ; 68 ;0;FALSO;FALSO;FALSO;;;;;;;;;;;;
female;group B;some college;standard;none; 70,00 ; 75 ; 78 ;0;FALSO;FALSO;FALSO;;;;;;;;;;;;
female;group C;master's degree;free/reduced;completed; 65,00 ; 81 ; 81 ;0;FALSO;FALSO;FALSO;;;;;;;;;;;;
non-binary;group C;some high school;free/reduced;completed; 66,12 ; 79 ; 77 ;0;FALSO;FALSO;FALSO;;;;;;;;;;;;
female;group C;some college;standard;completed; 79,00 ; 79 ; 78 ;0;FALSO;FALSO;FALSO;;;;;;;;;;;;
female;group C;some high school;free/reduced;none; 44,00 ; 50 ; 51 ;0;FALSO;FALSO;FALSO;;;;;;;;;;;;
female;group E;high school;standard;none; 99,00 ; 93 ; 90 ;aplica;si;si;si;;;;;;;;;;;;
male;group D;high school;standard;none; 76,00 ; 73 ; 68 ;0;FALSO;FALSO;FALSO;;;;;;;;;;;;
male;group D;some high school;free/reduced;none; 59,00 ; 42 ; 41 ;0;FALSO;FALSO;FALSO;;;;;;;;;;;;
non-binary;group C;bachelor's degree;standard;none; 63,00 ; 75 ; 81 ;0;FALSO;FALSO;FALSO;;;;;;;;;;;;
female;group D;high school;standard;none; 69,00 ; 72 ; 77 ;0;FALSO;FALSO;FALSO;;;;;;;;;;;;
non-binary;group D;associate's degree;standard;completed; 88,00 ; 92 ; 95 ;aplica;FALSO;si;si;;;;;;;;;;;;
female;group E;some college;free/reduced;none; 71,00 ; 76 ; 70 ;0;FALSO;FALSO;FALSO;;;;;;;;;;;;
male;group C;bachelor's degree;standard;none; 69,00 ; 63 ; 61 ;0;FALSO;FALSO;FALSO;;;;;;;;;;;;
non-binary;group C;some college;standard;none; 58,00 ; 49 ; 42 ;0;FALSO;FALSO;FALSO;;;;;;;;;;;;
non-binary;group D;associate's degree;free/reduced;none; 47,00 ; 53 ; 58 ;0;FALSO;FALSO;FALSO;;;;;;;;;;;;
female;group D;some college;standard;none; 65,00 ; 70 ; 71 ;0;FALSO;FALSO;FALSO;;;;;;;;;;;;
male;group B;some college;standard;completed; 88,00 ; 85 ; 76 ;0;FALSO;FALSO;FALSO;;;;;;;;;;;;
male;group C;bachelor's degree;standard;none; 83,00 ; 78 ; 73 ;0;FALSO;FALSO;FALSO;;;;;;;;;;;;
female;group C;some high school;standard;completed; 85,00 ; 92 ; 93 ;aplica;FALSO;si;si;;;;;;;;;;;;
female;group C;high school;standard;completed; 59,00 ; 63 ; 68 ;0;FALSO;FALSO;FALSO;;;;;;;;;;;;
non-binary;group C;some high school;free/reduced;none; 65,00 ; 86 ; 80 ;0;FALSO;FALSO;FALSO;;;;;;;;;;;;
male;group B;bachelor's degree;free/reduced;none; 73,00 ; 56 ; 57 ;0;FALSO;FALSO;FALSO;;;;;;;;;;;;
male;group D;high school;standard;none; 53,00 ; 52 ; 42 ;0;FALSO;FALSO;FALSO;;;;;;;;;;;;
non-binary;group D;high school;standard;none; 45,00 ; 48 ; 46 ;0;FALSO;FALSO;FALSO;;;;;;;;;;;;
female;group D;bachelor's degree;free/reduced;none; 73,00 ; 79 ; 84 ;aplica;FALSO;FALSO;FALSO;;;;;;;;;;;;
non-binary;group D;some college;free/reduced;completed; 70,00 ; 78 ; 78 ;0;FALSO;FALSO;FALSO;;;;;;;;;;;;
female;group B;some high school;standard;none; 37,00 ; 46 ; 46 ;0;FALSO;FALSO;FALSO;;;;;;;;;;;;
male;group B;some college;standard;completed; 81,00 ; 82 ; 82 ;0;FALSO;FALSO;FALSO;;;;;;;;;;;;
male;group E;associate's degree;standard;completed; 97,00 ; 82 ; 88 ;aplica;si;FALSO;FALSO;;;;;;;;;;;;
female;group B;some high school;standard;none; 67,00 ; 89 ; 82 ;0;FALSO;FALSO;FALSO;;;;;;;;;;;;
female;group B;bachelor's degree;free/reduced;none; 88,00 ; 75 ; 76 ;0;FALSO;FALSO;FALSO;;;;;;;;;;;;
male;group E;some high school;standard;completed; 77,00 ; 76 ; 77 ;0;FALSO;FALSO;FALSO;;;;;;;;;;;;
male;group C;associate's degree;standard;none; 76,00 ; 70 ; 68 ;0;FALSO;FALSO;FALSO;;;;;;;;;;;;
male;group D;some high school;standard;none; 86,00 ; 69 ; 70 ;0;FALSO;FALSO;FALSO;;;;;;;;;;;;
male;group C;some high school;standard;completed; 63,00 ; 60 ; 57 ;0;FALSO;FALSO;FALSO;;;;;;;;;;;;
female;group E;bachelor's degree;standard;none; 65,00 ; 73 ; 75 ;0;FALSO;FALSO;FALSO;;;;;;;;;;;;
male;group D;high school;free/reduced;completed; 78,00 ; 77 ; 80 ;0;FALSO;FALSO;FALSO;;;;;;;;;;;;
male;group B;associate's degree;free/reduced;none; 67,00 ; 62 ; 60 ;0;FALSO;FALSO;FALSO;;;;;;;;;;;;
male;group A;some high school;standard;completed; 66,12 ; 69 ; 43 ;0;FALSO;FALSO;FALSO;;;;;;;;;;;;
male;group E;associate's degree;standard;completed; 71,00 ; 74 ; 68 ;0;FALSO;FALSO;FALSO;;;;;;;;;;;;
male;group C;high school;free/reduced;completed; 40,00 ; 46 ; 50 ;0;FALSO;FALSO;FALSO;;;;;;;;;;;;
male;group D;associate's degree;free/reduced;none; 90,00 ; 87 ; 75 ;0;si;FALSO;FALSO;;;;;;;;;;;;
male;group A;some college;free/reduced;completed; 81,00 ; 78 ; 81 ;0;FALSO;FALSO;FALSO;;;;;;;;;;;;
non-binary;group D;some high school;standard;none; 56,00 ; 54 ; 68 ;0;FALSO;FALSO;FALSO;;;;;;;;;;;;
female;group C;associate's degree;standard;completed; 67,00 ; 84 ; 81 ;0;FALSO;FALSO;FALSO;;;;;;;;;;;;
male;group C;associate's degree;standard;none; 80,00 ; 76 ; 64 ;0;FALSO;FALSO;FALSO;;;;;;;;;;;;
female;group C;associate's degree;standard;completed; 74,00 ; 75 ; 83 ;0;FALSO;FALSO;FALSO;;;;;;;;;;;;
male;group A;some college;standard;none; 69,00 ; 67 ; 69 ;0;FALSO;FALSO;FALSO;;;;;;;;;;;;
male;group E;some college;standard;completed; 99,00 ; 87 ; 81 ;0;si;FALSO;FALSO;;;;;;;;;;;;
non-binary;group C;some high school;standard;none; 66,12 ; 52 ; 44 ;0;FALSO;FALSO;FALSO;;;;;;;;;;;;
female;group B;associate's degree;free/reduced;none; 53,00 ; 71 ; 67 ;0;FALSO;FALSO;FALSO;;;;;;;;;;;;
female;group D;high school;free/reduced;none; 49,00 ; 57 ; 52 ;0;FALSO;FALSO;FALSO;;;;;;;;;;;;
female;group B;associate's degree;standard;none; 73,00 ; 76 ; 80 ;0;FALSO;FALSO;FALSO;;;;;;;;;;;;
male;group B;bachelor's degree;standard;none; 66,00 ; 60 ; 57 ;0;FALSO;FALSO;FALSO;;;;;;;;;;;;
male;group D;bachelor's degree;standard;completed; 67,00 ; 61 ; 68 ;0;FALSO;FALSO;FALSO;;;;;;;;;;;;
female;group C;associate's degree;free/reduced;completed; 68,00 ; 67 ; 69 ;0;FALSO;FALSO;FALSO;;;;;;;;;;;;
female;group C;bachelor's degree;standard;completed; 59,00 ; 64 ; 75 ;0;FALSO;FALSO;FALSO;;;;;;;;;;;;
male;group C;high school;standard;none; 71,00 ; 66 ; 65 ;0;FALSO;FALSO;FALSO;;;;;;;;;;;;
female;group D;master's degree;standard;completed; 77,00 ; 82 ; 91 ;aplica;FALSO;FALSO;si;;;;;;;;;;;;
female;group C;associate's degree;standard;none; 83,00 ; 72 ; 78 ;0;FALSO;FALSO;FALSO;;;;;;;;;;;;
female;group B;some college;standard;none; 63,00 ; 71 ; 69 ;0;FALSO;FALSO;FALSO;;;;;;;;;;;;
female;group D;associate's degree;free/reduced;none; 56,00 ; 65 ; 63 ;0;FALSO;FALSO;FALSO;;;;;;;;;;;;
female;group C;high school;free/reduced;completed; 67,00 ; 79 ; 84 ;aplica;FALSO;FALSO;FALSO;;;;;;;;;;;;
non-binary;group E;high school;standard;none; 75,00 ; 86 ; 79 ;0;FALSO;FALSO;FALSO;;;;;;;;;;;;
female;group C;some college;standard;none; 66,12 ; 81 ; 80 ;0;FALSO;FALSO;FALSO;;;;;;;;;;;;
female;group C;some high school;free/reduced;none; 43,00 ; 69 ; 53 ;0;FALSO;FALSO;FALSO;;;;;;;;;;;;
female;group C;high school;free/reduced;none; 41,00 ; 46 ; 43 ;0;FALSO;FALSO;FALSO;;;;;;;;;;;;
female;group C;some college;standard;none; 82,00 ; 90 ; 94 ;aplica;FALSO;si;si;;;;;;;;;;;;
male;group C;some college;standard;none; 61,00 ; 61 ; 62 ;0;FALSO;FALSO;FALSO;;;;;;;;;;;;
male;group A;some college;free/reduced;none; 28,00 ; 23 ; 19 ;0;FALSO;FALSO;FALSO;;;;;;;;;;;;
non-binary;group C;associate's degree;standard;completed; 82,00 ; 75 ; 77 ;0;FALSO;FALSO;FALSO;;;;;;;;;;;;
female;group B;some high school;standard;none; 41,00 ; 55 ; 51 ;0;FALSO;FALSO;FALSO;;;;;;;;;;;;
male;group C;high school;standard;none; 71,00 ; 60 ; 61 ;0;FALSO;FALSO;FALSO;;;;;;;;;;;;
male;group C;associate's degree;standard;none; 47,00 ; 37 ; 35 ;0;FALSO;FALSO;FALSO;;;;;;;;;;;;
male;group E;associate's degree;standard;completed; 62,00 ; 56 ; 53 ;0;FALSO;FALSO;FALSO;;;;;;;;;;;;
male;group B;associate's degree;standard;none; 90,00 ; 78 ; 81 ;0;si;FALSO;FALSO;;;;;;;;;;;;
female;group C;bachelor's degree;standard;none; 83,00 ; 93 ; 95 ;aplica;FALSO;si;si;;;;;;;;;;;;
non-binary;group B;some college;standard;none; 61,00 ; 68 ; 66 ;0;FALSO;FALSO;FALSO;;;;;;;;;;;;
non-binary;group D;some high school;standard;completed; 76,00 ; 70 ; 68 ;0;FALSO;FALSO;FALSO;;;;;;;;;;;;
male;group C;associate's degree;standard;none; 49,00 ; 51 ; 43 ;0;FALSO;FALSO;FALSO;;;;;;;;;;;;
female;group B;some high school;standard;none; 24,00 ; 38 ; 68 ;0;FALSO;FALSO;FALSO;;;;;;;;;;;;
female;group D;some high school;free/reduced;completed; 35,00 ; 55 ; 60 ;0;FALSO;FALSO;FALSO;;;;;;;;;;;;
male;group C;high school;free/reduced;none; 58,00 ; 61 ; 68 ;0;FALSO;FALSO;FALSO;;;;;;;;;;;;
female;group C;some college;standard;none; 61,00 ; 73 ; 63 ;0;FALSO;FALSO;FALSO;;;;;;;;;;;;
female;group B;high school;standard;completed; 69,00 ; 76 ; 74 ;0;FALSO;FALSO;FALSO;;;;;;;;;;;;
non-binary;group C;associate's degree;standard;completed; 67,00 ; 72 ; 67 ;0;FALSO;FALSO;FALSO;;;;;;;;;;;;
male;group D;some college;standard;none; 79,00 ; 73 ; 67 ;0;FALSO;FALSO;FALSO;;;;;;;;;;;;
female;group C;high school;standard;none; 72,00 ; 80 ; 75 ;0;FALSO;FALSO;FALSO;;;;;;;;;;;;
male;group B;some college;standard;none; 62,00 ; 61 ; 57 ;0;FALSO;FALSO;FALSO;;;;;;;;;;;;
female;group C;some college;standard;completed; 77,00 ; 94 ; 95 ;aplica;FALSO;si;si;;;;;;;;;;;;
male;group D;high school;free/reduced;none; 75,00 ; 74 ; 66 ;0;FALSO;FALSO;FALSO;;;;;;;;;;;;
male;group E;associate's degree;standard;none; 87,00 ; 74 ; 68 ;0;FALSO;FALSO;FALSO;;;;;;;;;;;;
female;group B;bachelor's degree;standard;none; 52,00 ; 65 ; 69 ;0;FALSO;FALSO;FALSO;;;;;;;;;;;;
male;group E;some college;standard;none; 66,00 ; 57 ; 68 ;0;FALSO;FALSO;FALSO;;;;;;;;;;;;
female;group C;some college;standard;completed; 63,00 ; 78 ; 80 ;0;FALSO;FALSO;FALSO;;;;;;;;;;;;
non-binary;group C;associate's degree;standard;none; 46,00 ; 58 ; 57 ;0;FALSO;FALSO;FALSO;;;;;;;;;;;;
female;group C;some college;standard;none; 59,00 ; 71 ; 70 ;0;FALSO;FALSO;FALSO;;;;;;;;;;;;
female;group B;bachelor's degree;standard;none; 61,00 ; 69 ; 70 ;0;FALSO;FALSO;FALSO;;;;;;;;;;;;
non-binary;group A;some college;standard;none; 63,00 ; 61 ; 61 ;0;FALSO;FALSO;FALSO;;;;;;;;;;;;
female;group C;some college;free/reduced;completed; 42,00 ; 66 ; 69 ;0;FALSO;FALSO;FALSO;;;;;;;;;;;;
male;group D;some college;free/reduced;none; 59,00 ; 62 ; 61 ;0;FALSO;FALSO;FALSO;;;;;;;;;;;;
female;group D;some college;standard;none; 80,00 ; 90 ; 89 ;aplica;FALSO;si;FALSO;;;;;;;;;;;;
female;group B;high school;standard;none; 58,00 ; 62 ; 59 ;0;FALSO;FALSO;FALSO;;;;;;;;;;;;
male;group B;some high school;standard;completed; 85,00 ; 84 ; 78 ;0;FALSO;FALSO;FALSO;;;;;;;;;;;;
female;group C;some college;standard;none; 52,00 ; 69 ; 68 ;0;FALSO;FALSO;FALSO;;;;;;;;;;;;
female;group D;some high school;free/reduced;none; 27,00 ; 34 ; 32 ;0;FALSO;FALSO;FALSO;;;;;;;;;;;;
male;group C;some college;standard;none; 59,00 ; 60 ; 58 ;0;FALSO;FALSO;FALSO;;;;;;;;;;;;
male;group A;bachelor's degree;free/reduced;completed; 49,00 ; 58 ; 60 ;0;FALSO;FALSO;FALSO;;;;;;;;;;;;
male;group C;high school;standard;completed; 69,00 ; 58 ; 53 ;0;FALSO;FALSO;FALSO;;;;;;;;;;;;
male;group C;bachelor's degree;free/reduced;none; 61,00 ; 66 ; 61 ;0;FALSO;FALSO;FALSO;;;;;;;;;;;;
female;group A;some high school;free/reduced;none; 44,00 ; 64 ; 58 ;0;FALSO;FALSO;FALSO;;;;;;;;;;;;
female;group D;some high school;standard;none; 73,00 ; 84 ; 85 ;aplica;FALSO;FALSO;FALSO;;;;;;;;;;;;
non-binary;group E;some college;standard;none; 84,00 ; 77 ; 71 ;0;FALSO;FALSO;FALSO;;;;;;;;;;;;
female;group C;some college;free/reduced;completed; 45,00 ; 73 ; 70 ;0;FALSO;FALSO;FALSO;;;;;;;;;;;;
male;group D;some high school;standard;none; 74,00 ; 74 ; 72 ;0;FALSO;FALSO;FALSO;;;;;;;;;;;;
non-binary;group D;some college;standard;completed; 82,00 ; 97 ; 96 ;aplica;FALSO;si;si;;;;;;;;;;;;
female;group D;bachelor's degree;standard;none; 59,00 ; 70 ; 73 ;0;FALSO;FALSO;FALSO;;;;;;;;;;;;
male;group E;associate's degree;free/reduced;none; 46,00 ; 43 ; 41 ;0;FALSO;FALSO;FALSO;;;;;;;;;;;;
female;group D;some high school;standard;none; 80,00 ; 90 ; 82 ;0;FALSO;si;FALSO;;;;;;;;;;;;
female;group D;master's degree;free/reduced;completed; 85,00 ; 95 ; 100 ;aplica;FALSO;si;si;;;;;;;;;;;;
non-binary;group A;some high school;standard;none; 71,00 ; 83 ; 77 ;0;FALSO;FALSO;FALSO;;;;;;;;;;;;
male;group A;bachelor's degree;standard;none; 66,00 ; 64 ; 68 ;0;FALSO;FALSO;FALSO;;;;;;;;;;;;
female;group B;associate's degree;standard;none; 80,00 ; 86 ; 83 ;0;FALSO;FALSO;FALSO;;;;;;;;;;;;
male;group C;associate's degree;standard;completed; 66,12 ; 100 ; 95 ;aplica;FALSO;si;si;;;;;;;;;;;;
male;group C;master's degree;free/reduced;none; 79,00 ; 81 ; 71 ;0;FALSO;FALSO;FALSO;;;;;;;;;;;;
female;group E;some high school;free/reduced;none; 38,00 ; 49 ; 45 ;0;FALSO;FALSO;FALSO;;;;;;;;;;;;
female;group A;some high school;free/reduced;none; 38,00 ; 43 ; 43 ;0;FALSO;FALSO;FALSO;;;;;;;;;;;;
female;group E;some college;standard;none; 67,00 ; 76 ; 75 ;0;FALSO;FALSO;FALSO;;;;;;;;;;;;
female;group E;bachelor's degree;standard;none; 64,00 ; 73 ; 70 ;0;FALSO;FALSO;FALSO;;;;;;;;;;;;
female;group C;associate's degree;free/reduced;none; 57,00 ; 78 ; 67 ;0;FALSO;FALSO;FALSO;;;;;;;;;;;;
female;group D;some college;standard;none; 62,00 ; 69 ; 64 ;0;FALSO;FALSO;FALSO;;;;;;;;;;;;
male;group D;master's degree;standard;none; 73,00 ; 70 ; 75 ;0;FALSO;FALSO;FALSO;;;;;;;;;;;;
male;group E;some high school;free/reduced;completed; 66,12 ; 67 ; 59 ;0;FALSO;FALSO;FALSO;;;;;;;;;;;;
female;group D;some college;standard;none; 77,00 ; 68 ; 68 ;0;FALSO;FALSO;FALSO;;;;;;;;;;;;
male;group E;some college;standard;none; 76,00 ; 67 ; 67 ;0;FALSO;FALSO;FALSO;;;;;;;;;;;;
male;group C;associate's degree;standard;completed; 57,00 ; 54 ; 56 ;0;FALSO;FALSO;FALSO;;;;;;;;;;;;
female;group C;some high school;standard;completed; 65,00 ; 74 ; 77 ;0;FALSO;FALSO;FALSO;;;;;;;;;;;;
male;group A;high school;free/reduced;none; 48,00 ; 45 ; 41 ;0;FALSO;FALSO;FALSO;;;;;;;;;;;;
female;group B;high school;free/reduced;none; 50,00 ; 67 ; 68 ;0;FALSO;FALSO;FALSO;;;;;;;;;;;;
female;group C;associate's degree;standard;none; 85,00 ; 89 ; 95 ;aplica;FALSO;FALSO;si;;;;;;;;;;;;
male;group B;some high school;standard;none; 74,00 ; 63 ; 57 ;0;FALSO;FALSO;FALSO;;;;;;;;;;;;
male;group D;some high school;standard;none; 60,00 ; 59 ; 54 ;0;FALSO;FALSO;FALSO;;;;;;;;;;;;
female;group C;some high school;standard;completed; 59,00 ; 54 ; 67 ;0;FALSO;FALSO;FALSO;;;;;;;;;;;;
male;group A;some college;standard;none; 53,00 ; 43 ; 43 ;0;FALSO;FALSO;FALSO;;;;;;;;;;;;
female;group A;some college;free/reduced;none; 49,00 ; 65 ; 68 ;0;FALSO;FALSO;FALSO;;;;;;;;;;;;
female;group D;high school;standard;completed; 88,00 ; 99 ; 100 ;aplica;FALSO;si;si;;;;;;;;;;;;
female;group C;high school;standard;none; 54,00 ; 59 ; 62 ;0;FALSO;FALSO;FALSO;;;;;;;;;;;;
female;group C;some high school;standard;none; 63,00 ; 73 ; 68 ;0;FALSO;FALSO;FALSO;;;;;;;;;;;;
male;group B;associate's degree;standard;completed; 65,00 ; 65 ; 63 ;0;FALSO;FALSO;FALSO;;;;;;;;;;;;
female;group B;associate's degree;standard;none; 82,00 ; 80 ; 77 ;0;FALSO;FALSO;FALSO;;;;;;;;;;;;
female;group D;high school;free/reduced;completed; 52,00 ; 57 ; 56 ;0;FALSO;FALSO;FALSO;;;;;;;;;;;;
male;group D;associate's degree;standard;completed; 87,00 ; 84 ; 85 ;aplica;FALSO;FALSO;FALSO;;;;;;;;;;;;
female;group D;master's degree;standard;completed; 70,00 ; 71 ; 74 ;0;FALSO;FALSO;FALSO;;;;;;;;;;;;
non-binary;group E;some college;standard;completed; 84,00 ; 83 ; 78 ;0;FALSO;FALSO;FALSO;;;;;;;;;;;;
male;group D;associate's degree;standard;none; 71,00 ; 66 ; 68 ;0;FALSO;FALSO;FALSO;;;;;;;;;;;;
male;group B;some high school;standard;completed; 63,00 ; 67 ; 67 ;0;FALSO;FALSO;FALSO;;;;;;;;;;;;
female;group C;bachelor's degree;free/reduced;completed; 51,00 ; 72 ; 79 ;0;FALSO;FALSO;FALSO;;;;;;;;;;;;
male;group E;high school;standard;none; 84,00 ; 73 ; 69 ;0;FALSO;FALSO;FALSO;;;;;;;;;;;;
male;group C;bachelor's degree;standard;completed; 71,00 ; 74 ; 68 ;0;FALSO;FALSO;FALSO;;;;;;;;;;;;
non-binary;group C;associate's degree;standard;none; 74,00 ; 73 ; 67 ;0;FALSO;FALSO;FALSO;;;;;;;;;;;;
male;group D;some college;standard;none; 68,00 ; 59 ; 62 ;0;FALSO;FALSO;FALSO;;;;;;;;;;;;
male;group E;high school;free/reduced;completed; 57,00 ; 56 ; 54 ;0;FALSO;FALSO;FALSO;;;;;;;;;;;;
female;group C;associate's degree;free/reduced;completed; 82,00 ; 93 ; 93 ;aplica;FALSO;si;si;;;;;;;;;;;;
female;group D;high school;standard;completed; 57,00 ; 58 ; 64 ;0;FALSO;FALSO;FALSO;;;;;;;;;;;;
female;group D;master's degree;free/reduced;completed; 47,00 ; 58 ; 67 ;0;FALSO;FALSO;FALSO;;;;;;;;;;;;
female;group A;some high school;standard;completed; 59,00 ; 85 ; 80 ;0;FALSO;FALSO;FALSO;;;;;;;;;;;;
male;group B;some college;free/reduced;none; 41,00 ; 39 ; 34 ;0;FALSO;FALSO;FALSO;;;;;;;;;;;;
female;group C;some college;free/reduced;none; 62,00 ; 67 ; 62 ;0;FALSO;FALSO;FALSO;;;;;;;;;;;;
male;group C;bachelor's degree;standard;none; 86,00 ; 83 ; 86 ;aplica;FALSO;FALSO;FALSO;;;;;;;;;;;;
male;group C;some high school;free/reduced;none; 69,00 ; 71 ; 65 ;0;FALSO;FALSO;FALSO;;;;;;;;;;;;
male;group A;some high school;free/reduced;none; 65,00 ; 59 ; 53 ;0;FALSO;FALSO;FALSO;;;;;;;;;;;;
male;group C;some high school;standard;none; 68,00 ; 63 ; 54 ;0;FALSO;FALSO;FALSO;;;;;;;;;;;;
female;group C;associate's degree;free/reduced;none; 64,00 ; 69 ; 59 ;0;FALSO;FALSO;FALSO;;;;;;;;;;;;
female;group C;some college;standard;none; 61,00 ; 72 ; 70 ;0;FALSO;FALSO;FALSO;;;;;;;;;;;;
male;group C;high school;standard;none; 61,00 ; 56 ; 55 ;0;FALSO;FALSO;FALSO;;;;;;;;;;;;
female;group A;some high school;free/reduced;none; 47,00 ; 59 ; 50 ;0;FALSO;FALSO;FALSO;;;;;;;;;;;;
non-binary;group C;some high school;standard;none; 73,00 ; 66 ; 66 ;0;FALSO;FALSO;FALSO;;;;;;;;;;;;
male;group C;some college;free/reduced;completed; 50,00 ; 48 ; 53 ;0;FALSO;FALSO;FALSO;;;;;;;;;;;;
male;group D;associate's degree;standard;none; 75,00 ; 68 ; 64 ;0;FALSO;FALSO;FALSO;;;;;;;;;;;;
male;group D;associate's degree;free/reduced;none; 75,00 ; 66 ; 73 ;0;FALSO;FALSO;FALSO;;;;;;;;;;;;
non-binary;group C;some college;standard;none; 70,00 ; 56 ; 51 ;0;FALSO;FALSO;FALSO;;;;;;;;;;;;
male;group D;some high school;standard;completed; 89,00 ; 88 ; 82 ;0;FALSO;FALSO;FALSO;;;;;;;;;;;;
female;group C;some college;standard;completed; 67,00 ; 81 ; 79 ;0;FALSO;FALSO;FALSO;;;;;;;;;;;;
female;group D;high school;standard;none; 78,00 ; 81 ; 80 ;0;FALSO;FALSO;FALSO;;;;;;;;;;;;
female;group A;some college;free/reduced;none; 66,12 ; 73 ; 69 ;0;FALSO;FALSO;FALSO;;;;;;;;;;;;
female;group B;associate's degree;standard;none; 73,00 ; 83 ; 76 ;0;FALSO;FALSO;FALSO;;;;;;;;;;;;
non-binary;group A;some high school;free/reduced;none; 79,00 ; 82 ; 73 ;0;FALSO;FALSO;FALSO;;;;;;;;;;;;
female;group C;some high school;standard;completed; 67,00 ; 74 ; 77 ;0;FALSO;FALSO;FALSO;;;;;;;;;;;;
male;group D;some college;free/reduced;none; 69,00 ; 66 ; 60 ;0;FALSO;FALSO;FALSO;;;;;;;;;;;;
male;group C;high school;standard;completed; 86,00 ; 81 ; 80 ;0;FALSO;FALSO;FALSO;;;;;;;;;;;;
male;group B;high school;standard;none; 47,00 ; 46 ; 42 ;0;FALSO;FALSO;FALSO;;;;;;;;;;;;
male;group B;associate's degree;standard;none; 81,00 ; 73 ; 72 ;0;FALSO;FALSO;FALSO;;;;;;;;;;;;
female;group C;some college;standard;completed; 64,00 ; 85 ; 85 ;aplica;FALSO;FALSO;FALSO;;;;;;;;;;;;
female;group E;some college;standard;none; 100,00 ; 92 ; 97 ;aplica;si;si;si;;;;;;;;;;;;
female;group C;associate's degree;free/reduced;none; 66,12 ; 77 ; 74 ;0;FALSO;FALSO;FALSO;;;;;;;;;;;;
male;group C;some college;free/reduced;none; 65,00 ; 58 ; 49 ;0;FALSO;FALSO;FALSO;;;;;;;;;;;;
female;group C;associate's degree;free/reduced;none; 53,00 ; 61 ; 62 ;0;FALSO;FALSO;FALSO;;;;;;;;;;;;
non-binary;group C;bachelor's degree;free/reduced;none; 37,00 ; 56 ; 47 ;0;FALSO;FALSO;FALSO;;;;;;;;;;;;
non-binary;group D;some college;standard;none; 79,00 ; 89 ; 89 ;aplica;FALSO;FALSO;FALSO;;;;;;;;;;;;
male;group D;associate's degree;free/reduced;none; 53,00 ; 54 ; 48 ;0;FALSO;FALSO;FALSO;;;;;;;;;;;;
female;group E;bachelor's degree;standard;none; 100,00 ; 100 ; 100 ;aplica;si;si;si;;;;;;;;;;;;
male;group B;high school;standard;completed; 72,00 ; 69 ; 68 ;0;FALSO;FALSO;FALSO;;;;;;;;;;;;
male;group C;bachelor's degree;free/reduced;none; 53,00 ; 58 ; 55 ;0;FALSO;FALSO;FALSO;;;;;;;;;;;;
male;group B;some college;free/reduced;none; 54,00 ; 54 ; 45 ;0;FALSO;FALSO;FALSO;;;;;;;;;;;;
female;group C;some college;standard;none; 71,00 ; 70 ; 76 ;0;FALSO;FALSO;FALSO;;;;;;;;;;;;
female;group C;some college;free/reduced;none; 77,00 ; 90 ; 91 ;aplica;FALSO;si;si;;;;;;;;;;;;
male;group A;bachelor's degree;standard;completed; 75,00 ; 58 ; 62 ;0;FALSO;FALSO;FALSO;;;;;;;;;;;;
female;group C;some college;standard;none; 84,00 ; 87 ; 91 ;aplica;FALSO;FALSO;si;;;;;;;;;;;;
non-binary;group D;associate's degree;free/reduced;none; 26,00 ; 31 ; 38 ;0;FALSO;FALSO;FALSO;;;;;;;;;;;;
male;group A;high school;free/reduced;completed; 66,12 ; 67 ; 65 ;0;FALSO;FALSO;FALSO;;;;;;;;;;;;
female;group A;high school;free/reduced;completed; 77,00 ; 88 ; 85 ;aplica;FALSO;FALSO;FALSO;;;;;;;;;;;;
male;group C;some college;standard;none; 91,00 ; 74 ; 68 ;0;si;FALSO;FALSO;;;;;;;;;;;;
female;group C;associate's degree;standard;completed; 83,00 ; 85 ; 90 ;aplica;FALSO;FALSO;si;;;;;;;;;;;;
female;group C;high school;standard;none; 63,00 ; 69 ; 74 ;0;FALSO;FALSO;FALSO;;;;;;;;;;;;
female;group C;associate's degree;standard;completed; 68,00 ; 86 ; 84 ;aplica;FALSO;FALSO;FALSO;;;;;;;;;;;;
female;group D;some high school;standard;none; 59,00 ; 67 ; 61 ;0;FALSO;FALSO;FALSO;;;;;;;;;;;;
female;group B;associate's degree;standard;completed; 90,00 ; 90 ; 91 ;aplica;si;si;si;;;;;;;;;;;;
female;group D;bachelor's degree;standard;completed; 71,00 ; 76 ; 83 ;0;FALSO;FALSO;FALSO;;;;;;;;;;;;
non-binary;group E;bachelor's degree;standard;completed; 76,00 ; 62 ; 66 ;0;FALSO;FALSO;FALSO;;;;;;;;;;;;
male;group D;associate's degree;standard;none; 80,00 ; 68 ; 72 ;0;FALSO;FALSO;FALSO;;;;;;;;;;;;
female;group D;master's degree;standard;none; 55,00 ; 64 ; 70 ;0;FALSO;FALSO;FALSO;;;;;;;;;;;;
male;group E;associate's degree;standard;none; 76,00 ; 71 ; 67 ;0;FALSO;FALSO;FALSO;;;;;;;;;;;;
non-binary;group B;high school;standard;completed; 73,00 ; 69 ; 68 ;0;FALSO;FALSO;FALSO;;;;;;;;;;;;
female;group D;associate's degree;free/reduced;none; 52,00 ; 59 ; 56 ;0;FALSO;FALSO;FALSO;;;;;;;;;;;;
non-binary;group C;some college;free/reduced;none; 68,00 ; 68 ; 61 ;0;FALSO;FALSO;FALSO;;;;;;;;;;;;
male;group A;high school;standard;none; 59,00 ; 52 ; 46 ;0;FALSO;FALSO;FALSO;;;;;;;;;;;;
female;group B;associate's degree;standard;none; 49,00 ; 52 ; 54 ;0;FALSO;FALSO;FALSO;;;;;;;;;;;;
non-binary;group C;high school;standard;none; 70,00 ; 74 ; 71 ;0;FALSO;FALSO;FALSO;;;;;;;;;;;;
male;group D;some college;free/reduced;none; 61,00 ; 47 ; 56 ;0;FALSO;FALSO;FALSO;;;;;;;;;;;;
female;group C;associate's degree;free/reduced;none; 60,00 ; 75 ; 74 ;0;FALSO;FALSO;FALSO;;;;;;;;;;;;
male;group B;some high school;standard;completed; 64,00 ; 69 ; 57 ;0;FALSO;FALSO;FALSO;;;;;;;;;;;;
male;group A;associate's degree;free/reduced;none; 79,00 ; 82 ; 82 ;0;FALSO;FALSO;FALSO;;;;;;;;;;;;
female;group A;associate's degree;free/reduced;none; 65,00 ; 69 ; 76 ;0;FALSO;FALSO;FALSO;;;;;;;;;;;;
female;group C;associate's degree;standard;none; 64,00 ; 64 ; 70 ;0;FALSO;FALSO;FALSO;;;;;;;;;;;;
female;group C;some college;standard;none; 83,00 ; 83 ; 90 ;aplica;FALSO;FALSO;si;;;;;;;;;;;;
female;group C;bachelor's degree;standard;none; 81,00 ; 88 ; 90 ;aplica;FALSO;FALSO;si;;;;;;;;;;;;
female;group B;high school;standard;none; 54,00 ; 64 ; 68 ;0;FALSO;FALSO;FALSO;;;;;;;;;;;;
male;group D;high school;standard;completed; 68,00 ; 64 ; 66 ;0;FALSO;FALSO;FALSO;;;;;;;;;;;;
female;group C;some college;standard;none; 54,00 ; 48 ; 68 ;0;FALSO;FALSO;FALSO;;;;;;;;;;;;
female;group D;some college;free/reduced;completed; 59,00 ; 78 ; 76 ;0;FALSO;FALSO;FALSO;;;;;;;;;;;;
non-binary;group B;some high school;standard;none; 66,00 ; 69 ; 68 ;0;FALSO;FALSO;FALSO;;;;;;;;;;;;
male;group E;some college;standard;none; 66,12 ; 71 ; 72 ;0;FALSO;FALSO;FALSO;;;;;;;;;;;;
female;group D;master's degree;standard;none; 74,00 ; 79 ; 82 ;0;FALSO;FALSO;FALSO;;;;;;;;;;;;
non-binary;group B;some college;standard;completed; 94,00 ; 87 ; 92 ;aplica;si;FALSO;si;;;;;;;;;;;;
non-binary;group C;some college;free/reduced;none; 63,00 ; 61 ; 54 ;0;FALSO;FALSO;FALSO;;;;;;;;;;;;
female;group E;associate's degree;standard;completed; 95,00 ; 89 ; 92 ;aplica;si;FALSO;si;;;;;;;;;;;;
female;group D;master's degree;free/reduced;none; 40,00 ; 59 ; 54 ;0;FALSO;FALSO;FALSO;;;;;;;;;;;;
female;group B;some high school;standard;none; 82,00 ; 82 ; 80 ;0;FALSO;FALSO;FALSO;;;;;;;;;;;;
non-binary;group A;some college;standard;none; 68,00 ; 70 ; 66 ;0;FALSO;FALSO;FALSO;;;;;;;;;;;;
male;group B;bachelor's degree;free/reduced;none; 55,00 ; 59 ; 54 ;0;FALSO;FALSO;FALSO;;;;;;;;;;;;
male;group C;master's degree;standard;none; 79,00 ; 78 ; 77 ;0;FALSO;FALSO;FALSO;;;;;;;;;;;;
female;group C;bachelor's degree;standard;none; 66,12 ; 92 ; 87 ;aplica;FALSO;si;FALSO;;;;;;;;;;;;
male;group D;some college;standard;none; 76,00 ; 71 ; 73 ;0;FALSO;FALSO;FALSO;;;;;;;;;;;;
non-binary;group A;some high school;standard;none; 64,00 ; 50 ; 43 ;0;FALSO;FALSO;FALSO;;;;;;;;;;;;
male;group D;some high school;free/reduced;none; 66,12 ; 49 ; 52 ;0;FALSO;FALSO;FALSO;;;;;;;;;;;;
female;group B;some high school;standard;completed; 54,00 ; 61 ; 62 ;0;FALSO;FALSO;FALSO;;;;;;;;;;;;
female;group B;master's degree;free/reduced;completed; 77,00 ; 97 ; 94 ;aplica;FALSO;si;si;;;;;;;;;;;;
female;group C;some high school;standard;completed; 76,00 ; 87 ; 85 ;aplica;FALSO;FALSO;FALSO;;;;;;;;;;;;
female;group D;some college;standard;none; 74,00 ; 89 ; 84 ;aplica;FALSO;FALSO;FALSO;;;;;;;;;;;;
female;group E;some college;standard;completed; 66,00 ; 74 ; 73 ;0;FALSO;FALSO;FALSO;;;;;;;;;;;;
female;group D;some high school;standard;completed; 66,00 ; 78 ; 78 ;0;FALSO;FALSO;FALSO;;;;;;;;;;;;
female;group B;high school;free/reduced;completed; 67,00 ; 78 ; 79 ;0;FALSO;FALSO;FALSO;;;;;;;;;;;;
non-binary;group D;some college;standard;none; 71,00 ; 49 ; 52 ;0;FALSO;FALSO;FALSO;;;;;;;;;;;;
female;group C;associate's degree;standard;none; 91,00 ; 86 ; 84 ;aplica;si;FALSO;FALSO;;;;;;;;;;;;
male;group D;bachelor's degree;standard;none; 69,00 ; 58 ; 57 ;0;FALSO;FALSO;FALSO;;;;;;;;;;;;
male;group C;master's degree;free/reduced;none; 54,00 ; 59 ; 50 ;0;FALSO;FALSO;FALSO;;;;;;;;;;;;
male;group C;high school;standard;completed; 53,00 ; 52 ; 49 ;0;FALSO;FALSO;FALSO;;;;;;;;;;;;
male;group E;some college;standard;none; 68,00 ; 60 ; 59 ;0;FALSO;FALSO;FALSO;;;;;;;;;;;;
non-binary;group C;some high school;standard;completed; 56,00 ; 61 ; 60 ;0;FALSO;FALSO;FALSO;;;;;;;;;;;;
female;group C;high school;free/reduced;none; 36,00 ; 53 ; 43 ;0;FALSO;FALSO;FALSO;;;;;;;;;;;;
female;group D;bachelor's degree;free/reduced;none; 29,00 ; 41 ; 47 ;0;FALSO;FALSO;FALSO;;;;;;;;;;;;
female;group C;associate's degree;standard;none; 62,00 ; 74 ; 70 ;0;FALSO;FALSO;FALSO;;;;;;;;;;;;
female;group C;associate's degree;standard;completed; 68,00 ; 67 ; 73 ;0;FALSO;FALSO;FALSO;;;;;;;;;;;;
female;group C;some college;standard;none; 47,00 ; 54 ; 53 ;0;FALSO;FALSO;FALSO;;;;;;;;;;;;
male;group E;associate's degree;standard;completed; 62,00 ; 61 ; 58 ;0;FALSO;FALSO;FALSO;;;;;;;;;;;;
female;group E;associate's degree;standard;completed; 79,00 ; 88 ; 68 ;0;FALSO;FALSO;FALSO;;;;;;;;;;;;
male;group B;high school;standard;completed; 73,00 ; 69 ; 68 ;0;FALSO;FALSO;FALSO;;;;;;;;;;;;
female;group C;bachelor's degree;free/reduced;completed; 66,00 ; 83 ; 83 ;0;FALSO;FALSO;FALSO;;;;;;;;;;;;
male;group C;associate's degree;standard;completed; 51,00 ; 60 ; 58 ;0;FALSO;FALSO;FALSO;;;;;;;;;;;;
female;group D;high school;standard;none; 51,00 ; 66 ; 62 ;0;FALSO;FALSO;FALSO;;;;;;;;;;;;
male;group E;bachelor's degree;standard;completed; 85,00 ; 66 ; 71 ;0;FALSO;FALSO;FALSO;;;;;;;;;;;;
non-binary;group A;associate's degree;standard;completed; 97,00 ; 92 ; 86 ;aplica;si;si;FALSO;;;;;;;;;;;;
male;group C;some college;standard;completed; 75,00 ; 69 ; 68 ;0;FALSO;FALSO;FALSO;;;;;;;;;;;;
male;group D;associate's degree;free/reduced;completed; 79,00 ; 82 ; 80 ;0;FALSO;FALSO;FALSO;;;;;;;;;;;;
female;group C;some college;standard;none; 81,00 ; 77 ; 79 ;0;FALSO;FALSO;FALSO;;;;;;;;;;;;
female;group D;associate's degree;standard;none; 82,00 ; 95 ; 89 ;aplica;FALSO;si;FALSO;;;;;;;;;;;;
female;group D;master's degree;standard;none; 64,00 ; 63 ; 66 ;0;FALSO;FALSO;FALSO;;;;;;;;;;;;
male;group E;some high school;free/reduced;completed; 78,00 ; 83 ; 80 ;0;FALSO;FALSO;FALSO;;;;;;;;;;;;
female;group A;some high school;standard;completed; 92,00 ; 100 ; 97 ;aplica;si;si;si;;;;;;;;;;;;
male;group C;high school;standard;completed; 72,00 ; 67 ; 64 ;0;FALSO;FALSO;FALSO;;;;;;;;;;;;
female;group C;high school;free/reduced;none; 62,00 ; 67 ; 64 ;0;FALSO;FALSO;FALSO;;;;;;;;;;;;
male;group C;master's degree;standard;none; 79,00 ; 72 ; 69 ;0;FALSO;FALSO;FALSO;;;;;;;;;;;;
male;group C;some high school;free/reduced;none; 79,00 ; 76 ; 65 ;0;FALSO;FALSO;FALSO;;;;;;;;;;;;
male;group B;bachelor's degree;free/reduced;completed; 87,00 ; 90 ; 88 ;aplica;FALSO;si;FALSO;;;;;;;;;;;;
female;group B;associate's degree;standard;none; 40,00 ; 48 ; 50 ;0;FALSO;FALSO;FALSO;;;;;;;;;;;;
male;group D;some college;free/reduced;none; 77,00 ; 62 ; 64 ;0;FALSO;FALSO;FALSO;;;;;;;;;;;;
male;group E;associate's degree;standard;none; 66,12 ; 45 ; 40 ;0;FALSO;FALSO;FALSO;;;;;;;;;;;;
female;group C;some college;free/reduced;none; 32,00 ; 69 ; 33 ;0;FALSO;FALSO;FALSO;;;;;;;;;;;;
female;group C;associate's degree;standard;completed; 55,00 ; 72 ; 79 ;0;FALSO;FALSO;FALSO;;;;;;;;;;;;
male;group C;master's degree;free/reduced;none; 61,00 ; 67 ; 66 ;0;FALSO;FALSO;FALSO;;;;;;;;;;;;
female;group B;associate's degree;free/reduced;none; 53,00 ; 70 ; 70 ;0;FALSO;FALSO;FALSO;;;;;;;;;;;;
female;group D;some high school;standard;none; 73,00 ; 66 ; 62 ;0;FALSO;FALSO;FALSO;;;;;;;;;;;;
female;group D;some college;standard;completed; 74,00 ; 75 ; 79 ;0;FALSO;FALSO;FALSO;;;;;;;;;;;;
non-binary;group C;some college;standard;none; 63,00 ; 74 ; 74 ;0;FALSO;FALSO;FALSO;;;;;;;;;;;;
male;group C;bachelor's degree;standard;completed; 96,00 ; 90 ; 92 ;aplica;si;si;si;;;;;;;;;;;;
female;group D;some college;free/reduced;completed; 63,00 ; 80 ; 80 ;0;FALSO;FALSO;FALSO;;;;;;;;;;;;
male;group B;bachelor's degree;free/reduced;none; 48,00 ; 51 ; 46 ;0;FALSO;FALSO;FALSO;;;;;;;;;;;;
male;group B;some college;standard;none; 48,00 ; 43 ; 45 ;0;FALSO;FALSO;FALSO;;;;;;;;;;;;
female;group E;bachelor's degree;free/reduced;completed; 92,00 ; 100 ; 100 ;aplica;si;si;si;;;;;;;;;;;;
female;group D;master's degree;free/reduced;completed; 61,00 ; 71 ; 78 ;0;FALSO;FALSO;FALSO;;;;;;;;;;;;
female;group C;high school;free/reduced;none; 63,00 ; 48 ; 47 ;0;FALSO;FALSO;FALSO;;;;;;;;;;;;
male;group D;bachelor's degree;free/reduced;none; 68,00 ; 68 ; 67 ;0;FALSO;FALSO;FALSO;;;;;;;;;;;;
male;group B;some college;standard;completed; 71,00 ; 75 ; 70 ;0;FALSO;FALSO;FALSO;;;;;;;;;;;;
non-binary;group A;bachelor's degree;standard;none; 91,00 ; 96 ; 92 ;aplica;si;si;si;;;;;;;;;;;;
female;group C;some college;standard;none; 53,00 ; 62 ; 56 ;0;FALSO;FALSO;FALSO;;;;;;;;;;;;
female;group C;high school;free/reduced;completed; 50,00 ; 66 ; 68 ;0;FALSO;FALSO;FALSO;;;;;;;;;;;;
female;group E;high school;standard;none; 74,00 ; 81 ; 71 ;0;FALSO;FALSO;FALSO;;;;;;;;;;;;
male;group A;associate's degree;free/reduced;completed; 40,00 ; 55 ; 53 ;0;FALSO;FALSO;FALSO;;;;;;;;;;;;
male;group A;some college;standard;none; 61,00 ; 51 ; 52 ;0;FALSO;FALSO;FALSO;;;;;;;;;;;;
female;group B;high school;standard;none; 81,00 ; 91 ; 89 ;aplica;FALSO;si;FALSO;;;;;;;;;;;;
female;group B;some college;free/reduced;completed; 48,00 ; 56 ; 58 ;0;FALSO;FALSO;FALSO;;;;;;;;;;;;
non-binary;group D;master's degree;standard;none; 53,00 ; 61 ; 68 ;0;FALSO;FALSO;FALSO;;;;;;;;;;;;
female;group D;some high school;standard;none; 81,00 ; 97 ; 96 ;aplica;FALSO;si;si;;;;;;;;;;;;
female;group C;some high school;standard;none; 77,00 ; 79 ; 80 ;0;FALSO;FALSO;FALSO;;;;;;;;;;;;
non-binary;group D;bachelor's degree;free/reduced;none; 63,00 ; 73 ; 78 ;0;FALSO;FALSO;FALSO;;;;;;;;;;;;
female;group D;associate's degree;standard;completed; 73,00 ; 75 ; 80 ;0;FALSO;FALSO;FALSO;;;;;;;;;;;;
female;group D;some college;standard;none; 69,00 ; 77 ; 77 ;0;FALSO;FALSO;FALSO;;;;;;;;;;;;
non-binary;group C;associate's degree;standard;none; 65,00 ; 76 ; 76 ;0;FALSO;FALSO;FALSO;;;;;;;;;;;;
non-binary;group A;some college;standard;none; 55,00 ; 73 ; 73 ;0;FALSO;FALSO;FALSO;;;;;;;;;;;;
female;group C;bachelor's degree;free/reduced;none; 44,00 ; 63 ; 62 ;0;FALSO;FALSO;FALSO;;;;;;;;;;;;
female;group C;some college;standard;none; 54,00 ; 64 ; 65 ;0;FALSO;FALSO;FALSO;;;;;;;;;;;;
non-binary;group A;some high school;standard;none; 48,00 ; 66 ; 65 ;0;FALSO;FALSO;FALSO;;;;;;;;;;;;
male;group C;some college;free/reduced;none; 58,00 ; 57 ; 54 ;0;FALSO;FALSO;FALSO;;;;;;;;;;;;
male;group A;some high school;standard;none; 71,00 ; 62 ; 50 ;0;FALSO;FALSO;FALSO;;;;;;;;;;;;
male;group E;bachelor's degree;standard;none; 68,00 ; 68 ; 64 ;0;FALSO;FALSO;FALSO;;;;;;;;;;;;
female;group E;high school;standard;none; 74,00 ; 76 ; 73 ;0;FALSO;FALSO;FALSO;;;;;;;;;;;;
female;group C;bachelor's degree;standard;completed; 92,00 ; 100 ; 99 ;aplica;si;si;si;;;;;;;;;;;;
female;group C;bachelor's degree;standard;completed; 56,00 ; 69 ; 72 ;0;FALSO;FALSO;FALSO;;;;;;;;;;;;
male;group B;high school;free/reduced;none; 30,00 ; 24 ; 15 ;0;FALSO;FALSO;FALSO;;;;;;;;;;;;
male;group A;some high school;standard;none; 53,00 ; 54 ; 48 ;0;FALSO;FALSO;FALSO;;;;;;;;;;;;
female;group D;high school;standard;none; 69,00 ; 69 ; 73 ;0;FALSO;FALSO;FALSO;;;;;;;;;;;;
female;group D;some high school;standard;none; 65,00 ; 82 ; 81 ;0;FALSO;FALSO;FALSO;;;;;;;;;;;;
female;group D;master's degree;standard;none; 54,00 ; 60 ; 63 ;0;FALSO;FALSO;FALSO;;;;;;;;;;;;
female;group C;high school;standard;none; 29,00 ; 29 ; 30 ;0;FALSO;FALSO;FALSO;;;;;;;;;;;;
female;group E;some college;standard;none; 66,12 ; 78 ; 80 ;0;FALSO;FALSO;FALSO;;;;;;;;;;;;
non-binary;group D;high school;free/reduced;none; 60,00 ; 57 ; 51 ;0;FALSO;FALSO;FALSO;;;;;;;;;;;;
male;group D;master's degree;free/reduced;completed; 84,00 ; 89 ; 90 ;aplica;FALSO;FALSO;si;;;;;;;;;;;;
male;group C;some college;standard;none; 75,00 ; 72 ; 68 ;0;FALSO;FALSO;FALSO;;;;;;;;;;;;
female;group C;associate's degree;standard;none; 85,00 ; 84 ; 68 ;0;FALSO;FALSO;FALSO;;;;;;;;;;;;
female;group C;master's degree;free/reduced;none; 40,00 ; 58 ; 54 ;0;FALSO;FALSO;FALSO;;;;;;;;;;;;
female;group E;some college;standard;none; 61,00 ; 64 ; 62 ;0;FALSO;FALSO;FALSO;;;;;;;;;;;;
female;group B;associate's degree;standard;none; 58,00 ; 63 ; 65 ;0;FALSO;FALSO;FALSO;;;;;;;;;;;;
male;group D;some college;free/reduced;completed; 69,00 ; 60 ; 68 ;0;FALSO;FALSO;FALSO;;;;;;;;;;;;
female;group C;some college;standard;none; 58,00 ; 59 ; 66 ;0;FALSO;FALSO;FALSO;;;;;;;;;;;;
male;group C;bachelor's degree;standard;completed; 94,00 ; 90 ; 91 ;aplica;si;si;si;;;;;;;;;;;;
female;group C;associate's degree;standard;none; 65,00 ; 77 ; 74 ;0;FALSO;FALSO;FALSO;;;;;;;;;;;;
non-binary;group A;associate's degree;standard;none; 82,00 ; 93 ; 93 ;aplica;FALSO;si;si;;;;;;;;;;;;
female;group C;high school;standard;none; 60,00 ; 68 ; 72 ;0;FALSO;FALSO;FALSO;;;;;;;;;;;;
female;group E;bachelor's degree;standard;none; 37,00 ; 45 ; 68 ;0;FALSO;FALSO;FALSO;;;;;;;;;;;;
male;group D;bachelor's degree;standard;none; 88,00 ; 78 ; 83 ;0;FALSO;FALSO;FALSO;;;;;;;;;;;;
male;group D;master's degree;standard;none; 95,00 ; 81 ; 84 ;aplica;si;FALSO;FALSO;;;;;;;;;;;;
male;group C;associate's degree;free/reduced;completed; 65,00 ; 73 ; 68 ;0;FALSO;FALSO;FALSO;;;;;;;;;;;;
female;group C;high school;free/reduced;none; 35,00 ; 61 ; 54 ;0;FALSO;FALSO;FALSO;;;;;;;;;;;;
female;group B;bachelor's degree;free/reduced;none; 62,00 ; 63 ; 56 ;0;FALSO;FALSO;FALSO;;;;;;;;;;;;
male;group C;high school;free/reduced;completed; 58,00 ; 51 ; 52 ;0;FALSO;FALSO;FALSO;;;;;;;;;;;;
male;group A;some college;standard;completed; 100,00 ; 96 ; 86 ;aplica;si;si;FALSO;;;;;;;;;;;;
female;group E;bachelor's degree;free/reduced;none; 61,00 ; 58 ; 62 ;0;FALSO;FALSO;FALSO;;;;;;;;;;;;
male;group C;some college;standard;none; 100,00 ; 97 ; 99 ;aplica;si;si;si;;;;;;;;;;;;
male;group B;associate's degree;free/reduced;completed; 69,00 ; 70 ; 63 ;0;FALSO;FALSO;FALSO;;;;;;;;;;;;
male;group D;associate's degree;standard;none; 61,00 ; 48 ; 46 ;0;FALSO;FALSO;FALSO;;;;;;;;;;;;
male;group D;some college;free/reduced;none; 49,00 ; 57 ; 46 ;0;FALSO;FALSO;FALSO;;;;;;;;;;;;
female;group C;some high school;standard;completed; 44,00 ; 51 ; 55 ;0;FALSO;FALSO;FALSO;;;;;;;;;;;;
male;group D;some college;standard;none; 67,00 ; 64 ; 70 ;0;FALSO;FALSO;FALSO;;;;;;;;;;;;
male;group B;high school;standard;none; 79,00 ; 60 ; 65 ;0;FALSO;FALSO;FALSO;;;;;;;;;;;;
female;group B;bachelor's degree;standard;completed; 66,00 ; 74 ; 81 ;0;FALSO;FALSO;FALSO;;;;;;;;;;;;
female;group C;some college;standard;none; 75,00 ; 88 ; 85 ;aplica;FALSO;FALSO;FALSO;;;;;;;;;;;;
male;group D;some high school;standard;none; 84,00 ; 84 ; 80 ;0;FALSO;FALSO;FALSO;;;;;;;;;;;;
male;group A;high school;standard;none; 71,00 ; 74 ; 64 ;0;FALSO;FALSO;FALSO;;;;;;;;;;;;
female;group B;high school;free/reduced;completed; 67,00 ; 80 ; 81 ;0;FALSO;FALSO;FALSO;;;;;;;;;;;;
female;group D;some high school;standard;completed; 80,00 ; 92 ; 88 ;aplica;FALSO;si;FALSO;;;;;;;;;;;;
male;group E;some college;standard;none; 86,00 ; 76 ; 74 ;0;FALSO;FALSO;FALSO;;;;;;;;;;;;
female;group D;associate's degree;standard;none; 76,00 ; 74 ; 73 ;0;FALSO;FALSO;FALSO;;;;;;;;;;;;
male;group D;high school;standard;none; 41,00 ; 52 ; 68 ;0;FALSO;FALSO;FALSO;;;;;;;;;;;;
female;group D;associate's degree;free/reduced;completed; 74,00 ; 88 ; 90 ;aplica;FALSO;FALSO;si;;;;;;;;;;;;
female;group C;some high school;free/reduced;none; 72,00 ; 81 ; 79 ;0;FALSO;FALSO;FALSO;;;;;;;;;;;;
female;group E;high school;standard;completed; 74,00 ; 79 ; 80 ;0;FALSO;FALSO;FALSO;;;;;;;;;;;;
non-binary;group B;high school;standard;none; 66,12 ; 65 ; 60 ;0;FALSO;FALSO;FALSO;;;;;;;;;;;;
female;group B;bachelor's degree;standard;completed; 65,00 ; 81 ; 81 ;0;FALSO;FALSO;FALSO;;;;;;;;;;;;
female;group D;associate's degree;standard;none; 59,00 ; 70 ; 65 ;0;FALSO;FALSO;FALSO;;;;;;;;;;;;
non-binary;group E;high school;free/reduced;none; 66,12 ; 69 ; 68 ;0;FALSO;FALSO;FALSO;;;;;;;;;;;;
female;group B;high school;standard;none; 50,00 ; 69 ; 55 ;0;FALSO;FALSO;FALSO;;;;;;;;;;;;
non-binary;group D;some college;standard;completed; 69,00 ; 79 ; 68 ;0;FALSO;FALSO;FALSO;;;;;;;;;;;;
female;group C;some high school;free/reduced;completed; 51,00 ; 56 ; 68 ;0;FALSO;FALSO;FALSO;;;;;;;;;;;;
non-binary;group A;high school;standard;completed; 68,00 ; 80 ; 76 ;0;FALSO;FALSO;FALSO;;;;;;;;;;;;
female;group D;some college;standard;completed; 85,00 ; 86 ; 98 ;aplica;FALSO;FALSO;si;;;;;;;;;;;;
female;group A;associate's degree;standard;completed; 65,00 ; 70 ; 74 ;0;FALSO;FALSO;FALSO;;;;;;;;;;;;
female;group B;some high school;standard;none; 66,12 ; 79 ; 79 ;0;FALSO;FALSO;FALSO;;;;;;;;;;;;
non-binary;group B;some college;standard;none; 62,00 ; 67 ; 67 ;0;FALSO;FALSO;FALSO;;;;;;;;;;;;
male;group C;associate's degree;free/reduced;none; 77,00 ; 67 ; 64 ;0;FALSO;FALSO;FALSO;;;;;;;;;;;;
male;group C;some high school;standard;none; 69,00 ; 66 ; 61 ;0;FALSO;FALSO;FALSO;;;;;;;;;;;;
female;group D;associate's degree;free/reduced;none; 43,00 ; 60 ; 58 ;0;FALSO;FALSO;FALSO;;;;;;;;;;;;
male;group D;associate's degree;standard;none; 90,00 ; 87 ; 85 ;aplica;si;FALSO;FALSO;;;;;;;;;;;;
male;group C;some college;free/reduced;none; 74,00 ; 77 ; 68 ;0;FALSO;FALSO;FALSO;;;;;;;;;;;;
male;group C;some high school;standard;none; 73,00 ; 66 ; 63 ;0;FALSO;FALSO;FALSO;;;;;;;;;;;;
female;group D;some college;free/reduced;none; 55,00 ; 71 ; 69 ;0;FALSO;FALSO;FALSO;;;;;;;;;;;;
female;group C;high school;standard;none; 65,00 ; 69 ; 67 ;0;FALSO;FALSO;FALSO;;;;;;;;;;;;
male;group D;associate's degree;standard;none; 80,00 ; 63 ; 63 ;0;FALSO;FALSO;FALSO;;;;;;;;;;;;
female;group C;some high school;free/reduced;completed; 50,00 ; 69 ; 60 ;0;FALSO;FALSO;FALSO;;;;;;;;;;;;
female;group C;some college;free/reduced;completed; 63,00 ; 73 ; 71 ;0;FALSO;FALSO;FALSO;;;;;;;;;;;;
female;group B;bachelor's degree;free/reduced;none; 77,00 ; 85 ; 87 ;aplica;FALSO;FALSO;FALSO;;;;;;;;;;;;
male;group C;some college;standard;none; 73,00 ; 74 ; 61 ;0;FALSO;FALSO;FALSO;;;;;;;;;;;;
male;group D;some college;standard;completed; 81,00 ; 72 ; 77 ;0;FALSO;FALSO;FALSO;;;;;;;;;;;;
female;group C;high school;free/reduced;none; 66,00 ; 76 ; 68 ;0;FALSO;FALSO;FALSO;;;;;;;;;;;;
male;group C;associate's degree;free/reduced;none; 52,00 ; 57 ; 50 ;0;FALSO;FALSO;FALSO;;;;;;;;;;;;
female;group C;some college;standard;none; 69,00 ; 78 ; 76 ;0;FALSO;FALSO;FALSO;;;;;;;;;;;;
female;group C;associate's degree;standard;completed; 65,00 ; 84 ; 84 ;aplica;FALSO;FALSO;FALSO;;;;;;;;;;;;
female;group D;high school;standard;completed; 69,00 ; 77 ; 78 ;0;FALSO;FALSO;FALSO;;;;;;;;;;;;
female;group B;some college;standard;completed; 66,12 ; 69 ; 66 ;0;FALSO;FALSO;FALSO;;;;;;;;;;;;
non-binary;group E;some college;standard;completed; 73,00 ; 78 ; 76 ;0;FALSO;FALSO;FALSO;;;;;;;;;;;;
female;group C;some high school;standard;completed; 70,00 ; 82 ; 76 ;0;FALSO;FALSO;FALSO;;;;;;;;;;;;
female;group D;associate's degree;free/reduced;none; 81,00 ; 75 ; 78 ;0;FALSO;FALSO;FALSO;;;;;;;;;;;;
female;group D;some college;free/reduced;none; 63,00 ; 61 ; 60 ;0;FALSO;FALSO;FALSO;;;;;;;;;;;;
female;group D;high school;standard;none; 67,00 ; 72 ; 74 ;0;FALSO;FALSO;FALSO;;;;;;;;;;;;
male;group B;high school;standard;none; 60,00 ; 68 ; 60 ;0;FALSO;FALSO;FALSO;;;;;;;;;;;;
female;group B;some college;standard;none; 62,00 ; 69 ; 54 ;0;FALSO;FALSO;FALSO;;;;;;;;;;;;
female;group C;some high school;free/reduced;none; 29,00 ; 40 ; 44 ;0;FALSO;FALSO;FALSO;;;;;;;;;;;;
male;group B;some college;standard;completed; 62,00 ; 66 ; 68 ;0;FALSO;FALSO;FALSO;;;;;;;;;;;;
non-binary;group E;master's degree;standard;completed; 94,00 ; 99 ; 100 ;aplica;si;si;si;;;;;;;;;;;;
non-binary;group E;some college;standard;completed; 85,00 ; 75 ; 68 ;0;FALSO;FALSO;FALSO;;;;;;;;;;;;
male;group D;associate's degree;free/reduced;none; 77,00 ; 78 ; 73 ;0;FALSO;FALSO;FALSO;;;;;;;;;;;;
non-binary;group A;high school;free/reduced;none; 53,00 ; 58 ; 44 ;0;FALSO;FALSO;FALSO;;;;;;;;;;;;
male;group E;some college;free/reduced;none; 93,00 ; 90 ; 83 ;0;si;si;FALSO;;;;;;;;;;;;
female;group C;associate's degree;standard;none; 49,00 ; 53 ; 53 ;0;FALSO;FALSO;FALSO;;;;;;;;;;;;
non-binary;group E;associate's degree;free/reduced;none; 73,00 ; 76 ; 68 ;0;FALSO;FALSO;FALSO;;;;;;;;;;;;
female;group C;bachelor's degree;standard;completed; 66,00 ; 74 ; 81 ;0;FALSO;FALSO;FALSO;;;;;;;;;;;;
female;group D;associate's degree;standard;none; 77,00 ; 77 ; 73 ;0;FALSO;FALSO;FALSO;;;;;;;;;;;;
female;group C;some high school;standard;none; 49,00 ; 63 ; 56 ;0;FALSO;FALSO;FALSO;;;;;;;;;;;;
female;group D;some college;free/reduced;none; 79,00 ; 89 ; 86 ;aplica;FALSO;FALSO;FALSO;;;;;;;;;;;;
female;group C;associate's degree;standard;completed; 75,00 ; 82 ; 90 ;aplica;FALSO;FALSO;si;;;;;;;;;;;;
female;group A;bachelor's degree;standard;none; 59,00 ; 72 ; 70 ;0;FALSO;FALSO;FALSO;;;;;;;;;;;;
female;group D;associate's degree;standard;completed; 57,00 ; 78 ; 79 ;0;FALSO;FALSO;FALSO;;;;;;;;;;;;
male;group C;some college;free/reduced;none; 66,00 ; 66 ; 59 ;0;FALSO;FALSO;FALSO;;;;;;;;;;;;
female;group E;bachelor's degree;standard;completed; 79,00 ; 81 ; 82 ;0;FALSO;FALSO;FALSO;;;;;;;;;;;;
female;group B;some high school;standard;none; 57,00 ; 67 ; 72 ;0;FALSO;FALSO;FALSO;;;;;;;;;;;;
male;group A;bachelor's degree;standard;completed; 87,00 ; 84 ; 87 ;aplica;FALSO;FALSO;FALSO;;;;;;;;;;;;
female;group D;some college;standard;none; 63,00 ; 64 ; 67 ;0;FALSO;FALSO;FALSO;;;;;;;;;;;;
female;group B;some college;free/reduced;completed; 59,00 ; 63 ; 64 ;0;FALSO;FALSO;FALSO;;;;;;;;;;;;
female;group A;bachelor's degree;standard;none; 62,00 ; 72 ; 65 ;0;FALSO;FALSO;FALSO;;;;;;;;;;;;
male;group D;high school;standard;none; 46,00 ; 34 ; 36 ;0;FALSO;FALSO;FALSO;;;;;;;;;;;;
male;group C;some college;standard;none; 66,00 ; 69 ; 52 ;0;FALSO;FALSO;FALSO;;;;;;;;;;;;
male;group D;high school;standard;none; 89,00 ; 87 ; 68 ;0;FALSO;FALSO;FALSO;;;;;;;;;;;;
female;group D;associate's degree;free/reduced;completed; 42,00 ; 61 ; 58 ;0;FALSO;FALSO;FALSO;;;;;;;;;;;;
male;group C;some college;standard;completed; 93,00 ; 84 ; 90 ;aplica;si;FALSO;si;;;;;;;;;;;;
female;group E;some high school;standard;completed; 80,00 ; 85 ; 85 ;aplica;FALSO;FALSO;FALSO;;;;;;;;;;;;
female;group D;some college;standard;none; 98,00 ; 100 ; 99 ;aplica;si;si;si;;;;;;;;;;;;
male;group D;master's degree;standard;none; 81,00 ; 81 ; 84 ;aplica;FALSO;FALSO;FALSO;;;;;;;;;;;;
female;group B;some high school;standard;completed; 60,00 ; 70 ; 74 ;0;FALSO;FALSO;FALSO;;;;;;;;;;;;
female;group B;associate's degree;free/reduced;completed; 76,00 ; 94 ; 87 ;aplica;FALSO;si;FALSO;;;;;;;;;;;;
male;group C;associate's degree;standard;completed; 73,00 ; 78 ; 68 ;0;FALSO;FALSO;FALSO;;;;;;;;;;;;
female;group C;associate's degree;standard;completed; 66,12 ; 96 ; 99 ;aplica;FALSO;si;si;;;;;;;;;;;;
female;group C;high school;standard;none; 76,00 ; 76 ; 74 ;0;FALSO;FALSO;FALSO;;;;;;;;;;;;
non-binary;group E;associate's degree;free/reduced;completed; 91,00 ; 73 ; 80 ;0;si;FALSO;FALSO;;;;;;;;;;;;
female;group C;some college;free/reduced;none; 62,00 ; 69 ; 70 ;0;FALSO;FALSO;FALSO;;;;;;;;;;;;
male;group D;some college;free/reduced;completed; 55,00 ; 59 ; 59 ;0;FALSO;FALSO;FALSO;;;;;;;;;;;;
non-binary;group B;some high school;free/reduced;completed; 74,00 ; 90 ; 88 ;aplica;FALSO;si;FALSO;;;;;;;;;;;;
male;group C;high school;standard;none; 50,00 ; 48 ; 42 ;0;FALSO;FALSO;FALSO;;;;;;;;;;;;
non-binary;group B;some college;standard;none; 47,00 ; 43 ; 41 ;0;FALSO;FALSO;FALSO;;;;;;;;;;;;
male;group E;some college;standard;completed; 81,00 ; 74 ; 71 ;0;FALSO;FALSO;FALSO;;;;;;;;;;;;
non-binary;group E;associate's degree;standard;completed; 65,00 ; 75 ; 77 ;0;FALSO;FALSO;FALSO;;;;;;;;;;;;
male;group E;some high school;standard;completed; 66,12 ; 51 ; 57 ;0;FALSO;FALSO;FALSO;;;;;;;;;;;;
female;group C;high school;free/reduced;none; 73,00 ; 69 ; 84 ;aplica;FALSO;FALSO;FALSO;;;;;;;;;;;;
male;group C;some college;standard;none; 53,00 ; 39 ; 37 ;0;FALSO;FALSO;FALSO;;;;;;;;;;;;
female;group B;associate's degree;free/reduced;completed; 68,00 ; 77 ; 80 ;0;FALSO;FALSO;FALSO;;;;;;;;;;;;
male;group A;some high school;free/reduced;none; 55,00 ; 46 ; 43 ;0;FALSO;FALSO;FALSO;;;;;;;;;;;;
female;group C;some college;standard;completed; 87,00 ; 89 ; 94 ;aplica;FALSO;FALSO;si;;;;;;;;;;;;
female;group D;some college;standard;none; 55,00 ; 47 ; 44 ;0;FALSO;FALSO;FALSO;;;;;;;;;;;;
non-binary;group E;some college;free/reduced;none; 66,12 ; 58 ; 57 ;0;FALSO;FALSO;FALSO;;;;;;;;;;;;
male;group C;master's degree;standard;none; 67,00 ; 69 ; 59 ;0;FALSO;FALSO;FALSO;;;;;;;;;;;;
male;group C;associate's degree;standard;none; 92,00 ; 79 ; 84 ;aplica;si;FALSO;FALSO;;;;;;;;;;;;
female;group B;some college;standard;completed; 53,00 ; 66 ; 68 ;0;FALSO;FALSO;FALSO;;;;;;;;;;;;
male;group D;associate's degree;standard;none; 81,00 ; 71 ; 73 ;0;FALSO;FALSO;FALSO;;;;;;;;;;;;
male;group C;high school;free/reduced;none; 61,00 ; 60 ; 55 ;0;FALSO;FALSO;FALSO;;;;;;;;;;;;
male;group C;bachelor's degree;standard;none; 66,12 ; 73 ; 72 ;0;FALSO;FALSO;FALSO;;;;;;;;;;;;
non-binary;group A;associate's degree;free/reduced;none; 37,00 ; 57 ; 56 ;0;FALSO;FALSO;FALSO;;;;;;;;;;;;
female;group C;high school;standard;none; 81,00 ; 84 ; 82 ;0;FALSO;FALSO;FALSO;;;;;;;;;;;;
non-binary;group C;associate's degree;standard;completed; 59,00 ; 73 ; 72 ;0;FALSO;FALSO;FALSO;;;;;;;;;;;;
male;group B;some college;free/reduced;none; 55,00 ; 55 ; 47 ;0;FALSO;FALSO;FALSO;;;;;;;;;;;;
non-binary;group D;some college;standard;none; 72,00 ; 79 ; 74 ;0;FALSO;FALSO;FALSO;;;;;;;;;;;;
male;group D;high school;standard;none; 69,00 ; 75 ; 71 ;0;FALSO;FALSO;FALSO;;;;;;;;;;;;
female;group C;some college;standard;none; 69,00 ; 64 ; 68 ;0;FALSO;FALSO;FALSO;;;;;;;;;;;;
female;group C;bachelor's degree;free/reduced;none; 50,00 ; 60 ; 59 ;0;FALSO;FALSO;FALSO;;;;;;;;;;;;
male;group B;some college;standard;completed; 87,00 ; 84 ; 86 ;aplica;FALSO;FALSO;FALSO;;;;;;;;;;;;
male;group C;some high school;standard;completed; 71,00 ; 69 ; 68 ;0;FALSO;FALSO;FALSO;;;;;;;;;;;;
male;group E;some college;standard;none; 68,00 ; 72 ; 65 ;0;FALSO;FALSO;FALSO;;;;;;;;;;;;
male;group C;master's degree;free/reduced;completed; 79,00 ; 77 ; 75 ;0;FALSO;FALSO;FALSO;;;;;;;;;;;;
female;group C;some high school;standard;completed; 77,00 ; 90 ; 85 ;aplica;FALSO;si;FALSO;;;;;;;;;;;;
male;group C;associate's degree;free/reduced;none; 58,00 ; 55 ; 53 ;0;FALSO;FALSO;FALSO;;;;;;;;;;;;
female;group E;associate's degree;standard;none; 84,00 ; 95 ; 92 ;aplica;FALSO;si;si;;;;;;;;;;;;
male;group D;some college;standard;none; 55,00 ; 58 ; 52 ;0;FALSO;FALSO;FALSO;;;;;;;;;;;;
male;group E;bachelor's degree;free/reduced;completed; 70,00 ; 68 ; 72 ;0;FALSO;FALSO;FALSO;;;;;;;;;;;;
female;group D;some college;free/reduced;completed; 52,00 ; 59 ; 65 ;0;FALSO;FALSO;FALSO;;;;;;;;;;;;
male;group B;some college;standard;completed; 69,00 ; 77 ; 77 ;0;FALSO;FALSO;FALSO;;;;;;;;;;;;
female;group C;high school;free/reduced;none; 53,00 ; 72 ; 64 ;0;FALSO;FALSO;FALSO;;;;;;;;;;;;
female;group D;some high school;standard;none; 48,00 ; 58 ; 54 ;0;FALSO;FALSO;FALSO;;;;;;;;;;;;
male;group D;some high school;standard;completed; 78,00 ; 81 ; 86 ;aplica;FALSO;FALSO;FALSO;;;;;;;;;;;;
non-binary;group B;high school;standard;none; 62,00 ; 62 ; 63 ;0;FALSO;FALSO;FALSO;;;;;;;;;;;;
male;group D;some college;standard;none; 60,00 ; 63 ; 59 ;0;FALSO;FALSO;FALSO;;;;;;;;;;;;
female;group B;some college;standard;none; 74,00 ; 72 ; 72 ;0;FALSO;FALSO;FALSO;;;;;;;;;;;;
female;group C;high school;standard;completed; 58,00 ; 75 ; 77 ;0;FALSO;FALSO;FALSO;;;;;;;;;;;;
non-binary;group B;high school;standard;completed; 76,00 ; 62 ; 60 ;0;FALSO;FALSO;FALSO;;;;;;;;;;;;
female;group D;some high school;standard;none; 68,00 ; 71 ; 75 ;0;FALSO;FALSO;FALSO;;;;;;;;;;;;
male;group A;some college;free/reduced;none; 58,00 ; 60 ; 57 ;0;FALSO;FALSO;FALSO;;;;;;;;;;;;
male;group B;some college;standard;none; 52,00 ; 48 ; 49 ;0;FALSO;FALSO;FALSO;;;;;;;;;;;;
male;group D;bachelor's degree;standard;none; 75,00 ; 73 ; 74 ;0;FALSO;FALSO;FALSO;;;;;;;;;;;;
female;group B;some high school;free/reduced;completed; 52,00 ; 69 ; 72 ;0;FALSO;FALSO;FALSO;;;;;;;;;;;;
female;group C;bachelor's degree;free/reduced;none; 62,00 ; 78 ; 79 ;0;FALSO;FALSO;FALSO;;;;;;;;;;;;
male;group B;some college;standard;none; 66,00 ; 65 ; 60 ;0;FALSO;FALSO;FALSO;;;;;;;;;;;;
female;group B;some high school;free/reduced;none; 49,00 ; 69 ; 55 ;0;FALSO;FALSO;FALSO;;;;;;;;;;;;
female;group B;high school;standard;none; 66,00 ; 72 ; 70 ;0;FALSO;FALSO;FALSO;;;;;;;;;;;;
female;group C;some college;free/reduced;none; 35,00 ; 44 ; 43 ;0;FALSO;FALSO;FALSO;;;;;;;;;;;;
non-binary;group A;some college;standard;completed; 72,00 ; 79 ; 82 ;0;FALSO;FALSO;FALSO;;;;;;;;;;;;
male;group E;associate's degree;standard;completed; 66,12 ; 85 ; 82 ;0;FALSO;FALSO;FALSO;;;;;;;;;;;;
female;group D;associate's degree;free/reduced;none; 46,00 ; 56 ; 57 ;0;FALSO;FALSO;FALSO;;;;;;;;;;;;
female;group B;some college;standard;none; 77,00 ; 90 ; 84 ;aplica;FALSO;si;FALSO;;;;;;;;;;;;
female;group C;high school;free/reduced;completed; 76,00 ; 69 ; 82 ;0;FALSO;FALSO;FALSO;;;;;;;;;;;;
female;group C;associate's degree;standard;completed; 52,00 ; 59 ; 62 ;0;FALSO;FALSO;FALSO;;;;;;;;;;;;
male;group C;bachelor's degree;standard;completed; 91,00 ; 81 ; 79 ;0;si;FALSO;FALSO;;;;;;;;;;;;
female;group B;some high school;standard;completed; 32,00 ; 51 ; 44 ;0;FALSO;FALSO;FALSO;;;;;;;;;;;;
female;group E;some high school;free/reduced;none; 72,00 ; 79 ; 77 ;0;FALSO;FALSO;FALSO;;;;;;;;;;;;
female;group B;some college;standard;none; 19,00 ; 38 ; 32 ;0;FALSO;FALSO;FALSO;;;;;;;;;;;;
male;group C;associate's degree;free/reduced;none; 68,00 ; 65 ; 61 ;0;FALSO;FALSO;FALSO;;;;;;;;;;;;
female;group C;master's degree;standard;none; 52,00 ; 65 ; 61 ;0;FALSO;FALSO;FALSO;;;;;;;;;;;;
female;group B;high school;standard;none; 48,00 ; 62 ; 60 ;0;FALSO;FALSO;FALSO;;;;;;;;;;;;
female;group D;some college;free/reduced;none; 60,00 ; 66 ; 70 ;0;FALSO;FALSO;FALSO;;;;;;;;;;;;
male;group D;high school;free/reduced;none; 66,00 ; 74 ; 69 ;0;FALSO;FALSO;FALSO;;;;;;;;;;;;
non-binary;group E;some high school;standard;completed; 89,00 ; 84 ; 77 ;0;FALSO;FALSO;FALSO;;;;;;;;;;;;
female;group B;high school;standard;none; 42,00 ; 52 ; 51 ;0;FALSO;FALSO;FALSO;;;;;;;;;;;;
female;group E;associate's degree;free/reduced;none; 57,00 ; 68 ; 73 ;0;FALSO;FALSO;FALSO;;;;;;;;;;;;
male;group D;high school;standard;none; 70,00 ; 70 ; 70 ;0;FALSO;FALSO;FALSO;;;;;;;;;;;;
female;group E;associate's degree;standard;none; 70,00 ; 84 ; 81 ;0;FALSO;FALSO;FALSO;;;;;;;;;;;;
male;group E;some college;standard;none; 69,00 ; 60 ; 54 ;0;FALSO;FALSO;FALSO;;;;;;;;;;;;
female;group C;associate's degree;standard;none; 52,00 ; 55 ; 57 ;0;FALSO;FALSO;FALSO;;;;;;;;;;;;
male;group C;some high school;standard;completed; 67,00 ; 73 ; 68 ;0;FALSO;FALSO;FALSO;;;;;;;;;;;;
male;group C;some high school;standard;completed; 76,00 ; 80 ; 73 ;0;FALSO;FALSO;FALSO;;;;;;;;;;;;
non-binary;group E;associate's degree;standard;none; 87,00 ; 94 ; 95 ;aplica;FALSO;si;si;;;;;;;;;;;;
female;group B;some college;standard;none; 82,00 ; 85 ; 87 ;aplica;FALSO;FALSO;FALSO;;;;;;;;;;;;
female;group C;some college;standard;none; 73,00 ; 76 ; 78 ;0;FALSO;FALSO;FALSO;;;;;;;;;;;;
non-binary;group A;some college;free/reduced;none; 75,00 ; 81 ; 74 ;0;FALSO;FALSO;FALSO;;;;;;;;;;;;
female;group D;some college;free/reduced;none; 64,00 ; 69 ; 75 ;0;FALSO;FALSO;FALSO;;;;;;;;;;;;
female;group C;high school;free/reduced;none; 41,00 ; 45 ; 40 ;0;FALSO;FALSO;FALSO;;;;;;;;;;;;
male;group C;high school;standard;none; 90,00 ; 75 ; 69 ;0;si;FALSO;FALSO;;;;;;;;;;;;
male;group B;bachelor's degree;standard;none; 59,00 ; 54 ; 51 ;0;FALSO;FALSO;FALSO;;;;;;;;;;;;
male;group A;some high school;standard;none; 51,00 ; 31 ; 68 ;0;FALSO;FALSO;FALSO;;;;;;;;;;;;
male;group A;high school;standard;none; 45,00 ; 47 ; 49 ;0;FALSO;FALSO;FALSO;;;;;;;;;;;;
female;group C;master's degree;standard;completed; 54,00 ; 64 ; 67 ;0;FALSO;FALSO;FALSO;;;;;;;;;;;;
male;group E;some high school;standard;completed; 87,00 ; 84 ; 76 ;0;FALSO;FALSO;FALSO;;;;;;;;;;;;
female;group C;high school;standard;none; 72,00 ; 80 ; 83 ;0;FALSO;FALSO;FALSO;;;;;;;;;;;;
male;group B;some high school;standard;completed; 94,00 ; 86 ; 87 ;aplica;si;FALSO;FALSO;;;;;;;;;;;;
female;group A;bachelor's degree;standard;none; 45,00 ; 59 ; 68 ;0;FALSO;FALSO;FALSO;;;;;;;;;;;;
male;group D;bachelor's degree;free/reduced;completed; 61,00 ; 70 ; 76 ;0;FALSO;FALSO;FALSO;;;;;;;;;;;;
female;group B;high school;free/reduced;none; 60,00 ; 72 ; 68 ;0;FALSO;FALSO;FALSO;;;;;;;;;;;;
female;group C;some high school;standard;none; 77,00 ; 91 ; 88 ;aplica;FALSO;si;FALSO;;;;;;;;;;;;
female;group A;some high school;standard;completed; 85,00 ; 90 ; 92 ;aplica;FALSO;si;si;;;;;;;;;;;;
female;group D;bachelor's degree;free/reduced;none; 78,00 ; 90 ; 93 ;aplica;FALSO;si;si;;;;;;;;;;;;
female;group E;some college;free/reduced;completed; 49,00 ; 69 ; 51 ;0;FALSO;FALSO;FALSO;;;;;;;;;;;;
non-binary;group C;high school;free/reduced;none; 71,00 ; 87 ; 82 ;0;FALSO;FALSO;FALSO;;;;;;;;;;;;
female;group C;some high school;free/reduced;none; 48,00 ; 58 ; 52 ;0;FALSO;FALSO;FALSO;;;;;;;;;;;;
male;group C;high school;standard;none; 62,00 ; 67 ; 58 ;0;FALSO;FALSO;FALSO;;;;;;;;;;;;
female;group C;associate's degree;free/reduced;completed; 56,00 ; 68 ; 70 ;0;FALSO;FALSO;FALSO;;;;;;;;;;;;
non-binary;group C;some high school;standard;none; 65,00 ; 69 ; 76 ;0;FALSO;FALSO;FALSO;;;;;;;;;;;;
female;group D;some high school;free/reduced;completed; 69,00 ; 86 ; 81 ;0;FALSO;FALSO;FALSO;;;;;;;;;;;;
male;group B;some high school;standard;none; 68,00 ; 54 ; 53 ;0;FALSO;FALSO;FALSO;;;;;;;;;;;;
female;group A;some college;free/reduced;none; 61,00 ; 60 ; 57 ;0;FALSO;FALSO;FALSO;;;;;;;;;;;;
female;group C;bachelor's degree;free/reduced;completed; 74,00 ; 86 ; 89 ;aplica;FALSO;FALSO;FALSO;;;;;;;;;;;;
male;group A;bachelor's degree;standard;none; 64,00 ; 60 ; 58 ;0;FALSO;FALSO;FALSO;;;;;;;;;;;;
female;group B;high school;standard;completed; 77,00 ; 82 ; 89 ;aplica;FALSO;FALSO;FALSO;;;;;;;;;;;;
male;group B;some college;standard;none; 58,00 ; 50 ; 45 ;0;FALSO;FALSO;FALSO;;;;;;;;;;;;
female;group C;high school;standard;completed; 60,00 ; 64 ; 74 ;0;FALSO;FALSO;FALSO;;;;;;;;;;;;
male;group E;high school;standard;none; 73,00 ; 64 ; 57 ;0;FALSO;FALSO;FALSO;;;;;;;;;;;;
female;group A;high school;standard;completed; 75,00 ; 82 ; 79 ;0;FALSO;FALSO;FALSO;;;;;;;;;;;;
male;group B;associate's degree;free/reduced;completed; 58,00 ; 57 ; 53 ;0;FALSO;FALSO;FALSO;;;;;;;;;;;;
female;group C;associate's degree;standard;none; 66,00 ; 69 ; 73 ;0;FALSO;FALSO;FALSO;;;;;;;;;;;;
female;group D;high school;free/reduced;none; 39,00 ; 52 ; 46 ;0;FALSO;FALSO;FALSO;;;;;;;;;;;;
male;group C;some college;standard;none; 64,00 ; 58 ; 51 ;0;FALSO;FALSO;FALSO;;;;;;;;;;;;
non-binary;group B;some college;free/reduced;completed; 23,00 ; 44 ; 36 ;0;FALSO;FALSO;FALSO;;;;;;;;;;;;
male;group B;some college;standard;completed; 74,00 ; 77 ; 76 ;0;FALSO;FALSO;FALSO;;;;;;;;;;;;
female;group D;some high school;free/reduced;completed; 40,00 ; 65 ; 64 ;0;FALSO;FALSO;FALSO;;;;;;;;;;;;
male;group E;master's degree;standard;none; 90,00 ; 69 ; 84 ;aplica;si;FALSO;FALSO;;;;;;;;;;;;
male;group C;master's degree;standard;completed; 91,00 ; 85 ; 85 ;aplica;si;FALSO;FALSO;;;;;;;;;;;;
non-binary;group D;high school;standard;none; 64,00 ; 54 ; 50 ;0;FALSO;FALSO;FALSO;;;;;;;;;;;;
female;group C;some college;standard;none; 59,00 ; 69 ; 68 ;0;FALSO;FALSO;FALSO;;;;;;;;;;;;
non-binary;group D;associate's degree;standard;none; 80,00 ; 75 ; 69 ;0;FALSO;FALSO;FALSO;;;;;;;;;;;;
male;group C;master's degree;standard;none; 71,00 ; 67 ; 67 ;0;FALSO;FALSO;FALSO;;;;;;;;;;;;
female;group A;high school;standard;none; 66,12 ; 68 ; 63 ;0;FALSO;FALSO;FALSO;;;;;;;;;;;;
female;group E;some college;standard;none; 66,12 ; 69 ; 93 ;aplica;FALSO;FALSO;si;;;;;;;;;;;;
male;group E;some high school;standard;none; 82,00 ; 67 ; 61 ;0;FALSO;FALSO;FALSO;;;;;;;;;;;;
male;group C;some high school;standard;none; 62,00 ; 64 ; 55 ;0;FALSO;FALSO;FALSO;;;;;;;;;;;;
non-binary;group B;bachelor's degree;standard;none; 97,00 ; 97 ; 96 ;aplica;si;si;si;;;;;;;;;;;;
male;group B;some college;standard;none; 75,00 ; 68 ; 65 ;0;FALSO;FALSO;FALSO;;;;;;;;;;;;
female;group C;bachelor's degree;standard;none; 65,00 ; 79 ; 81 ;0;FALSO;FALSO;FALSO;;;;;;;;;;;;
non-binary;group B;high school;standard;completed; 52,00 ; 49 ; 46 ;0;FALSO;FALSO;FALSO;;;;;;;;;;;;
male;group C;associate's degree;free/reduced;none; 87,00 ; 73 ; 72 ;0;FALSO;FALSO;FALSO;;;;;;;;;;;;
female;group C;associate's degree;standard;none; 53,00 ; 62 ; 53 ;0;FALSO;FALSO;FALSO;;;;;;;;;;;;
female;group C;master's degree;free/reduced;none; 81,00 ; 86 ; 87 ;aplica;FALSO;FALSO;FALSO;;;;;;;;;;;;
male;group D;bachelor's degree;free/reduced;completed; 39,00 ; 42 ; 38 ;0;FALSO;FALSO;FALSO;;;;;;;;;;;;
female;group C;some college;standard;completed; 71,00 ; 71 ; 80 ;0;FALSO;FALSO;FALSO;;;;;;;;;;;;
male;group C;associate's degree;standard;none; 97,00 ; 93 ; 91 ;aplica;si;si;si;;;;;;;;;;;;
male;group D;some college;standard;completed; 82,00 ; 82 ; 88 ;aplica;FALSO;FALSO;FALSO;;;;;;;;;;;;
non-binary;group C;high school;free/reduced;none; 59,00 ; 53 ; 52 ;0;FALSO;FALSO;FALSO;;;;;;;;;;;;
male;group B;associate's degree;standard;none; 61,00 ; 42 ; 68 ;0;FALSO;FALSO;FALSO;;;;;;;;;;;;
male;group E;associate's degree;free/reduced;completed; 78,00 ; 74 ; 68 ;0;FALSO;FALSO;FALSO;;;;;;;;;;;;
female;group C;associate's degree;free/reduced;none; 49,00 ; 51 ; 51 ;0;FALSO;FALSO;FALSO;;;;;;;;;;;;
male;group B;high school;standard;none; 59,00 ; 58 ; 47 ;0;FALSO;FALSO;FALSO;;;;;;;;;;;;
female;group C;some college;standard;completed; 70,00 ; 72 ; 76 ;0;FALSO;FALSO;FALSO;;;;;;;;;;;;
male;group C;associate's degree;standard;completed; 82,00 ; 84 ; 78 ;0;FALSO;FALSO;FALSO;;;;;;;;;;;;
non-binary;group E;associate's degree;free/reduced;none; 90,00 ; 90 ; 82 ;0;si;si;FALSO;;;;;;;;;;;;
female;group C;bachelor's degree;free/reduced;none; 43,00 ; 62 ; 61 ;0;FALSO;FALSO;FALSO;;;;;;;;;;;;
male;group C;some college;free/reduced;none; 80,00 ; 64 ; 66 ;0;FALSO;FALSO;FALSO;;;;;;;;;;;;
male;group D;some college;standard;none; 81,00 ; 82 ; 84 ;aplica;FALSO;FALSO;FALSO;;;;;;;;;;;;
male;group C;some high school;standard;none; 57,00 ; 61 ; 54 ;0;FALSO;FALSO;FALSO;;;;;;;;;;;;
female;group D;some high school;standard;none; 59,00 ; 72 ; 80 ;0;FALSO;FALSO;FALSO;;;;;;;;;;;;
female;group D;associate's degree;standard;none; 64,00 ; 76 ; 74 ;0;FALSO;FALSO;FALSO;;;;;;;;;;;;
non-binary;group C;bachelor's degree;standard;completed; 63,00 ; 64 ; 68 ;0;FALSO;FALSO;FALSO;;;;;;;;;;;;
female;group E;bachelor's degree;standard;completed; 71,00 ; 70 ; 70 ;0;FALSO;FALSO;FALSO;;;;;;;;;;;;
female;group B;high school;free/reduced;none; 64,00 ; 73 ; 71 ;0;FALSO;FALSO;FALSO;;;;;;;;;;;;
male;group D;some college;free/reduced;none; 55,00 ; 46 ; 44 ;0;FALSO;FALSO;FALSO;;;;;;;;;;;;
female;group E;associate's degree;standard;none; 51,00 ; 51 ; 54 ;0;FALSO;FALSO;FALSO;;;;;;;;;;;;
female;group C;associate's degree;standard;completed; 62,00 ; 76 ; 80 ;0;FALSO;FALSO;FALSO;;;;;;;;;;;;
female;group E;associate's degree;standard;completed; 93,00 ; 100 ; 95 ;aplica;si;si;si;;;;;;;;;;;;
male;group C;high school;free/reduced;none; 54,00 ; 72 ; 59 ;0;FALSO;FALSO;FALSO;;;;;;;;;;;;
female;group C;some college;free/reduced;none; 69,00 ; 65 ; 74 ;0;FALSO;FALSO;FALSO;;;;;;;;;;;;
male;group D;high school;free/reduced;none; 44,00 ; 51 ; 48 ;0;FALSO;FALSO;FALSO;;;;;;;;;;;;
female;group E;some college;standard;completed; 86,00 ; 85 ; 91 ;aplica;FALSO;FALSO;si;;;;;;;;;;;;
female;group E;associate's degree;standard;none; 85,00 ; 92 ; 85 ;aplica;FALSO;si;FALSO;;;;;;;;;;;;
female;group A;master's degree;free/reduced;none; 50,00 ; 67 ; 73 ;0;FALSO;FALSO;FALSO;;;;;;;;;;;;
male;group D;some high school;standard;completed; 88,00 ; 74 ; 75 ;0;FALSO;FALSO;FALSO;;;;;;;;;;;;
female;group E;associate's degree;standard;none; 59,00 ; 62 ; 69 ;0;FALSO;FALSO;FALSO;;;;;;;;;;;;
female;group C;some high school;free/reduced;none; 66,12 ; 34 ; 38 ;0;FALSO;FALSO;FALSO;;;;;;;;;;;;
male;group B;high school;free/reduced;none; 36,00 ; 29 ; 68 ;0;FALSO;FALSO;FALSO;;;;;;;;;;;;
female;group B;some high school;free/reduced;completed; 63,00 ; 78 ; 79 ;0;FALSO;FALSO;FALSO;;;;;;;;;;;;
male;group D;associate's degree;standard;completed; 67,00 ; 54 ; 63 ;0;FALSO;FALSO;FALSO;;;;;;;;;;;;
female;group D;some high school;standard;completed; 65,00 ; 78 ; 82 ;0;FALSO;FALSO;FALSO;;;;;;;;;;;;
male;group D;master's degree;standard;none; 85,00 ; 84 ; 89 ;aplica;FALSO;FALSO;FALSO;;;;;;;;;;;;
female;group C;master's degree;standard;none; 73,00 ; 78 ; 74 ;0;FALSO;FALSO;FALSO;;;;;;;;;;;;
female;group A;high school;standard;completed; 34,00 ; 48 ; 41 ;0;FALSO;FALSO;FALSO;;;;;;;;;;;;
female;group D;bachelor's degree;free/reduced;completed; 93,00 ; 100 ; 100 ;aplica;si;si;si;;;;;;;;;;;;
female;group D;some high school;free/reduced;none; 67,00 ; 84 ; 84 ;aplica;FALSO;FALSO;FALSO;;;;;;;;;;;;
male;group C;some college;standard;none; 88,00 ; 77 ; 77 ;0;FALSO;FALSO;FALSO;;;;;;;;;;;;
non-binary;group B;some college;standard;none; 57,00 ; 48 ; 51 ;0;FALSO;FALSO;FALSO;;;;;;;;;;;;
female;group D;some college;standard;completed; 79,00 ; 84 ; 91 ;aplica;FALSO;FALSO;si;;;;;;;;;;;;
female;group C;bachelor's degree;free/reduced;none; 67,00 ; 75 ; 72 ;0;FALSO;FALSO;FALSO;;;;;;;;;;;;
male;group E;bachelor's degree;standard;completed; 70,00 ; 64 ; 68 ;0;FALSO;FALSO;FALSO;;;;;;;;;;;;
male;group D;bachelor's degree;free/reduced;none; 50,00 ; 42 ; 48 ;0;FALSO;FALSO;FALSO;;;;;;;;;;;;
female;group A;some college;standard;none; 69,00 ; 84 ; 82 ;0;FALSO;FALSO;FALSO;;;;;;;;;;;;
female;group C;bachelor's degree;standard;completed; 52,00 ; 61 ; 66 ;0;FALSO;FALSO;FALSO;;;;;;;;;;;;
female;group C;bachelor's degree;free/reduced;completed; 47,00 ; 62 ; 66 ;0;FALSO;FALSO;FALSO;;;;;;;;;;;;
female;group B;associate's degree;free/reduced;none; 46,00 ; 61 ; 55 ;0;FALSO;FALSO;FALSO;;;;;;;;;;;;
female;group E;some college;standard;none; 68,00 ; 70 ; 66 ;0;FALSO;FALSO;FALSO;;;;;;;;;;;;
non-binary;group E;bachelor's degree;standard;completed; 100,00 ; 100 ; 100 ;aplica;si;si;si;;;;;;;;;;;;
female;group C;some college;standard;none; 44,00 ; 61 ; 52 ;0;FALSO;FALSO;FALSO;;;;;;;;;;;;
female;group C;associate's degree;standard;completed; 66,12 ; 77 ; 80 ;0;FALSO;FALSO;FALSO;;;;;;;;;;;;
male;group B;some college;standard;completed; 91,00 ; 96 ; 91 ;aplica;si;si;si;;;;;;;;;;;;
non-binary;group D;high school;free/reduced;none; 69,00 ; 70 ; 67 ;0;FALSO;FALSO;FALSO;;;;;;;;;;;;
female;group C;high school;free/reduced;none; 35,00 ; 53 ; 46 ;0;FALSO;FALSO;FALSO;;;;;;;;;;;;
male;group D;high school;standard;none; 72,00 ; 66 ; 66 ;0;FALSO;FALSO;FALSO;;;;;;;;;;;;
female;group B;associate's degree;free/reduced;none; 54,00 ; 65 ; 65 ;0;FALSO;FALSO;FALSO;;;;;;;;;;;;
male;group D;high school;free/reduced;none; 74,00 ; 70 ; 69 ;0;FALSO;FALSO;FALSO;;;;;;;;;;;;
male;group E;some college;standard;completed; 74,00 ; 64 ; 60 ;0;FALSO;FALSO;FALSO;;;;;;;;;;;;
male;group E;associate's degree;standard;none; 64,00 ; 56 ; 52 ;0;FALSO;FALSO;FALSO;;;;;;;;;;;;
female;group D;high school;free/reduced;completed; 65,00 ; 61 ; 71 ;0;FALSO;FALSO;FALSO;;;;;;;;;;;;
male;group E;associate's degree;free/reduced;completed; 46,00 ; 43 ; 44 ;0;FALSO;FALSO;FALSO;;;;;;;;;;;;
female;group C;some high school;standard;none; 48,00 ; 56 ; 51 ;0;FALSO;FALSO;FALSO;;;;;;;;;;;;
male;group C;some college;free/reduced;completed; 67,00 ; 74 ; 70 ;0;FALSO;FALSO;FALSO;;;;;;;;;;;;
non-binary;group C;some college;standard;none; 62,00 ; 57 ; 62 ;0;FALSO;FALSO;FALSO;;;;;;;;;;;;
male;group D;associate's degree;free/reduced;completed; 61,00 ; 71 ; 73 ;0;FALSO;FALSO;FALSO;;;;;;;;;;;;
male;group C;bachelor's degree;free/reduced;completed; 70,00 ; 75 ; 74 ;0;FALSO;FALSO;FALSO;;;;;;;;;;;;
male;group C;associate's degree;standard;completed; 98,00 ; 87 ; 90 ;aplica;si;FALSO;si;;;;;;;;;;;;
male;group D;some college;free/reduced;none; 70,00 ; 63 ; 58 ;0;FALSO;FALSO;FALSO;;;;;;;;;;;;
non-binary;group A;some college;standard;none; 67,00 ; 57 ; 53 ;0;FALSO;FALSO;FALSO;;;;;;;;;;;;
female;group E;high school;free/reduced;none; 57,00 ; 58 ; 57 ;0;FALSO;FALSO;FALSO;;;;;;;;;;;;
non-binary;group D;some college;standard;completed; 85,00 ; 81 ; 85 ;aplica;FALSO;FALSO;FALSO;;;;;;;;;;;;
male;group D;some high school;standard;completed; 77,00 ; 68 ; 69 ;0;FALSO;FALSO;FALSO;;;;;;;;;;;;
non-binary;group C;master's degree;free/reduced;completed; 72,00 ; 66 ; 72 ;0;FALSO;FALSO;FALSO;;;;;;;;;;;;
non-binary;group D;master's degree;standard;none; 78,00 ; 91 ; 96 ;aplica;FALSO;si;si;;;;;;;;;;;;
non-binary;group C;high school;standard;none; 81,00 ; 66 ; 64 ;0;FALSO;FALSO;FALSO;;;;;;;;;;;;
non-binary;group A;some high school;free/reduced;completed; 61,00 ; 62 ; 61 ;0;FALSO;FALSO;FALSO;;;;;;;;;;;;
female;group B;high school;standard;none; 58,00 ; 68 ; 61 ;0;FALSO;FALSO;FALSO;;;;;;;;;;;;
non-binary;group C;associate's degree;standard;none; 54,00 ; 61 ; 58 ;0;FALSO;FALSO;FALSO;;;;;;;;;;;;
male;group B;high school;standard;none; 66,12 ; 82 ; 80 ;0;FALSO;FALSO;FALSO;;;;;;;;;;;;
female;group D;some college;free/reduced;none; 49,00 ; 58 ; 60 ;0;FALSO;FALSO;FALSO;;;;;;;;;;;;
male;group B;some high school;free/reduced;completed; 49,00 ; 50 ; 52 ;0;FALSO;FALSO;FALSO;;;;;;;;;;;;
female;group E;high school;free/reduced;completed; 66,12 ; 75 ; 73 ;0;FALSO;FALSO;FALSO;;;;;;;;;;;;
male;group E;high school;standard;none; 94,00 ; 69 ; 71 ;0;si;FALSO;FALSO;;;;;;;;;;;;
female;group D;some college;standard;completed; 75,00 ; 77 ; 83 ;0;FALSO;FALSO;FALSO;;;;;;;;;;;;
female;group E;some college;standard;none; 74,00 ; 74 ; 72 ;0;FALSO;FALSO;FALSO;;;;;;;;;;;;
male;group C;high school;standard;completed; 58,00 ; 52 ; 54 ;0;FALSO;FALSO;FALSO;;;;;;;;;;;;
non-binary;group C;some college;standard;none; 62,00 ; 69 ; 69 ;0;FALSO;FALSO;FALSO;;;;;;;;;;;;
male;group E;associate's degree;standard;none; 72,00 ; 57 ; 62 ;0;FALSO;FALSO;FALSO;;;;;;;;;;;;
male;group C;some college;standard;none; 84,00 ; 87 ; 81 ;0;FALSO;FALSO;FALSO;;;;;;;;;;;;
female;group D;master's degree;standard;none; 92,00 ; 100 ; 100 ;aplica;si;si;si;;;;;;;;;;;;
female;group D;high school;standard;none; 45,00 ; 63 ; 59 ;0;FALSO;FALSO;FALSO;;;;;;;;;;;;
male;group C;high school;standard;none; 75,00 ; 81 ; 71 ;0;FALSO;FALSO;FALSO;;;;;;;;;;;;
non-binary;group A;some college;standard;none; 56,00 ; 58 ; 64 ;0;FALSO;FALSO;FALSO;;;;;;;;;;;;
female;group D;some high school;free/reduced;none; 48,00 ; 54 ; 53 ;0;FALSO;FALSO;FALSO;;;;;;;;;;;;
female;group E;associate's degree;standard;none; 66,12 ; 100 ; 100 ;aplica;FALSO;si;si;;;;;;;;;;;;
female;group C;some high school;free/reduced;completed; 65,00 ; 76 ; 75 ;0;FALSO;FALSO;FALSO;;;;;;;;;;;;
male;group D;some college;standard;none; 72,00 ; 57 ; 58 ;0;FALSO;FALSO;FALSO;;;;;;;;;;;;
female;group D;some college;standard;none; 66,12 ; 70 ; 72 ;0;FALSO;FALSO;FALSO;;;;;;;;;;;;
male;group A;some high school;standard;completed; 66,00 ; 68 ; 64 ;0;FALSO;FALSO;FALSO;;;;;;;;;;;;
non-binary;group C;some college;standard;none; 63,00 ; 63 ; 60 ;0;FALSO;FALSO;FALSO;;;;;;;;;;;;
female;group E;associate's degree;standard;none; 68,00 ; 76 ; 67 ;0;FALSO;FALSO;FALSO;;;;;;;;;;;;
non-binary;group B;bachelor's degree;standard;none; 75,00 ; 84 ; 80 ;0;FALSO;FALSO;FALSO;;;;;;;;;;;;
female;group D;bachelor's degree;standard;none; 89,00 ; 69 ; 100 ;aplica;FALSO;FALSO;si;;;;;;;;;;;;
male;group C;some high school;standard;completed; 78,00 ; 72 ; 69 ;0;FALSO;FALSO;FALSO;;;;;;;;;;;;
female;group A;high school;free/reduced;completed; 53,00 ; 50 ; 60 ;0;FALSO;FALSO;FALSO;;;;;;;;;;;;
female;group D;some college;free/reduced;none; 49,00 ; 65 ; 61 ;0;FALSO;FALSO;FALSO;;;;;;;;;;;;
female;group A;some college;standard;none; 54,00 ; 63 ; 67 ;0;FALSO;FALSO;FALSO;;;;;;;;;;;;
female;group C;some college;standard;completed; 64,00 ; 82 ; 77 ;0;FALSO;FALSO;FALSO;;;;;;;;;;;;
male;group B;some college;free/reduced;completed; 60,00 ; 62 ; 60 ;0;FALSO;FALSO;FALSO;;;;;;;;;;;;
male;group C;associate's degree;standard;none; 62,00 ; 65 ; 58 ;0;FALSO;FALSO;FALSO;;;;;;;;;;;;
male;group D;high school;standard;completed; 55,00 ; 41 ; 48 ;0;FALSO;FALSO;FALSO;;;;;;;;;;;;
female;group C;associate's degree;standard;none; 91,00 ; 95 ; 94 ;aplica;si;si;si;;;;;;;;;;;;
female;group B;high school;free/reduced;none; 8,00 ; 24 ; 23 ;0;FALSO;FALSO;FALSO;;;;;;;;;;;;
male;group D;some high school;standard;none; 81,00 ; 78 ; 78 ;0;FALSO;FALSO;FALSO;;;;;;;;;;;;
male;group B;some high school;standard;completed; 79,00 ; 85 ; 86 ;aplica;FALSO;FALSO;FALSO;;;;;;;;;;;;
female;group A;some college;standard;completed; 78,00 ; 87 ; 91 ;aplica;FALSO;FALSO;si;;;;;;;;;;;;
female;group C;some high school;standard;none; 74,00 ; 75 ; 82 ;0;FALSO;FALSO;FALSO;;;;;;;;;;;;
male;group A;high school;standard;none; 57,00 ; 51 ; 54 ;0;FALSO;FALSO;FALSO;;;;;;;;;;;;
female;group C;associate's degree;standard;none; 40,00 ; 59 ; 68 ;0;FALSO;FALSO;FALSO;;;;;;;;;;;;
male;group E;some high school;standard;completed; 81,00 ; 75 ; 76 ;0;FALSO;FALSO;FALSO;;;;;;;;;;;;
female;group A;some high school;free/reduced;none; 66,12 ; 45 ; 45 ;0;FALSO;FALSO;FALSO;;;;;;;;;;;;
non-binary;group D;some college;free/reduced;completed; 67,00 ; 86 ; 83 ;0;FALSO;FALSO;FALSO;;;;;;;;;;;;
male;group E;high school;free/reduced;completed; 86,00 ; 81 ; 75 ;0;FALSO;FALSO;FALSO;;;;;;;;;;;;
non-binary;group B;some high school;standard;completed; 65,00 ; 82 ; 78 ;0;FALSO;FALSO;FALSO;;;;;;;;;;;;
non-binary;group D;associate's degree;free/reduced;none; 55,00 ; 76 ; 76 ;0;FALSO;FALSO;FALSO;;;;;;;;;;;;
female;group C;bachelor's degree;free/reduced;none; 62,00 ; 72 ; 74 ;0;FALSO;FALSO;FALSO;;;;;;;;;;;;
male;group A;high school;standard;none; 66,12 ; 63 ; 68 ;0;FALSO;FALSO;FALSO;;;;;;;;;;;;
female;group E;master's degree;standard;completed; 88,00 ; 69 ; 95 ;aplica;FALSO;FALSO;si;;;;;;;;;;;;
male;group C;high school;free/reduced;none; 62,00 ; 55 ; 55 ;0;FALSO;FALSO;FALSO;;;;;;;;;;;;
female;group C;high school;free/reduced;completed; 59,00 ; 69 ; 65 ;0;FALSO;FALSO;FALSO;;;;;;;;;;;;
female;group D;some college;standard;completed; 68,00 ; 78 ; 77 ;0;FALSO;FALSO;FALSO;;;;;;;;;;;;
female;group D;some college;free/reduced;none; 77,00 ; 86 ; 86 ;aplica;FALSO;FALSO;FALSO;;;;;;;;;;;;
